Ship Draw,Lerp Draw,PM Draw,PE Draw
0.000576534,2.75323e-005,9.8623e-006,0.0011317
0.000489417,1.80809e-005,7.39673e-006,0.0010454
0.000480787,1.68481e-005,6.57487e-006,0.00103267
0.000461884,1.84918e-005,7.39673e-006,0.0010339
0.000460241,1.7259e-005,6.9858e-006,0.00100472
0.000461884,1.68481e-005,6.57487e-006,0.0010076
0.000799668,2.99978e-005,1.1506e-005,0.00174152
0.000472158,1.7259e-005,6.9858e-006,0.00100185
0.000459419,1.7259e-005,6.57487e-006,0.00100308
0.000476267,1.68481e-005,6.9858e-006,0.00100595
0.000457775,1.7259e-005,6.9858e-006,0.00110869
0.000449557,1.64372e-005,6.57487e-006,0.000991161
0.000450789,1.80809e-005,5.34208e-006,0.00102527
0.000889251,3.32853e-005,1.02732e-005,0.00198397
0.000801723,2.99978e-005,9.45137e-006,0.00175302
0.0010528,3.73946e-005,1.19169e-005,0.00220094
0.000800901,3.04088e-005,9.45137e-006,0.00175302
0.000799257,2.95869e-005,9.8623e-006,0.00176042
0.000518182,2.13683e-005,6.16394e-006,0.00100431
0.000800901,2.95869e-005,9.8623e-006,0.00173905
0.000447502,1.68481e-005,5.34208e-006,0.000989928
0.000483253,1.68481e-005,5.75301e-006,0.0011206
0.000445858,1.64372e-005,5.34208e-006,0.00100637
0.000799257,2.99978e-005,9.45137e-006,0.00175467
0.00103061,3.73946e-005,1.1506e-005,0.00222888
0.000801723,2.99978e-005,9.45137e-006,0.00174563
0.000527633,1.89027e-005,6.16394e-006,0.00112348
0.000459419,1.7259e-005,5.34208e-006,0.00102732
0.000457775,1.7259e-005,5.75301e-006,0.00102362
0.000496402,2.05465e-005,9.45137e-006,0.00108526
0.000490239,1.84918e-005,6.16394e-006,0.00115635
0.000681732,2.50667e-005,8.21859e-006,0.00146866
0.00066776,2.50667e-005,8.21859e-006,0.00146003
0.000667349,2.46558e-005,8.21859e-006,0.00147318
0.00066776,2.50667e-005,7.80766e-006,0.00146455
0.000666527,2.50667e-005,7.80766e-006,0.00146373
0.00114444,4.27366e-005,1.35607e-005,0.00251119
0.000802134,2.99978e-005,9.8623e-006,0.00180398
0.000798846,3.04088e-005,9.45137e-006,0.00174768
0.000793093,2.54776e-005,7.80766e-006,0.00173577
0.000801312,2.95869e-005,9.45137e-006,0.00175344
0.000798436,2.99978e-005,9.8623e-006,0.00174439
0.000799668,2.99978e-005,9.45137e-006,0.00175631
0.000800901,2.99978e-005,9.45137e-006,0.00175713
0.000888429,3.32853e-005,1.06842e-005,0.00193959
0.000800901,3.04088e-005,9.45137e-006,0.00175138
0.000888429,3.24634e-005,1.06842e-005,0.0019515
0.000842816,2.67104e-005,7.80766e-006,0.00175385
0.000890073,3.28743e-005,1.06842e-005,0.00172344
0.000799668,2.95869e-005,9.45137e-006,0.00175302
0.000456953,1.68481e-005,5.75301e-006,0.000978422
0.000888018,3.24634e-005,1.02732e-005,0.00194822
0.000800901,2.95869e-005,9.45137e-006,0.00175097
0.000913085,3.32853e-005,1.10951e-005,0.00196219
0.000465994,2.50667e-005,6.16394e-006,0.00106348
0.000801312,2.99978e-005,9.45137e-006,0.00181795
0.000448735,1.64372e-005,5.34208e-006,0.00105116
0.000489006,1.64372e-005,5.34208e-006,0.00108403
0.000487362,1.80809e-005,5.75301e-006,0.00106266
0.000469692,1.7259e-005,5.34208e-006,0.00101705
0.000445447,1.64372e-005,5.34208e-006,0.000999791
0.000460241,1.7259e-005,5.75301e-006,0.00100924
0.000801723,2.95869e-005,9.04044e-006,0.00175549
0.000445858,1.68481e-005,5.34208e-006,0.000998558
0.000885142,3.28743e-005,1.06842e-005,0.00194739
0.000447502,1.68481e-005,5.34208e-006,0.00101335
0.000488595,1.84918e-005,6.16394e-006,0.00106595
0.000447913,1.64372e-005,5.34208e-006,0.00107869
0.000792683,3.04088e-005,9.45137e-006,0.00175385
0.000887196,3.28743e-005,1.06842e-005,0.00194616
0.00045983,1.68481e-005,5.75301e-006,0.00101417
0.000798846,2.95869e-005,9.45137e-006,0.00176083
0.00044668,1.64372e-005,5.34208e-006,0.000997325
0.00080049,2.99978e-005,9.45137e-006,0.00175549
0.000525579,2.09574e-005,5.75301e-006,0.00105239
0.000486951,1.84918e-005,5.75301e-006,0.00106718
0.000447091,1.64372e-005,5.34208e-006,0.00102445
0.000462706,1.767e-005,5.75301e-006,0.00101376
0.000447091,1.68481e-005,5.34208e-006,0.000980066
0.000465172,1.64372e-005,5.75301e-006,0.000978012
0.000447091,1.68481e-005,5.75301e-006,0.00104006
0.000444215,1.68481e-005,8.62951e-006,0.000997325
0.000795148,3.04088e-005,1.64372e-005,0.00176165
0.00046435,1.68481e-005,9.04044e-006,0.000983354
0.000884731,3.36962e-005,1.84918e-005,0.00177398
0.000463939,1.7259e-005,9.45137e-006,0.00100431
0.000470103,1.7259e-005,9.8623e-006,0.00104746
0.000457364,1.68481e-005,9.8623e-006,0.00100678
0.000483253,1.80809e-005,9.8623e-006,0.00106718
0.000793504,2.99978e-005,1.64372e-005,0.00175631
0.000456131,1.7259e-005,9.45137e-006,0.00100678
0.000794326,2.99978e-005,1.60262e-005,0.00175179
0.000456542,1.7259e-005,9.45137e-006,0.00100472
0.000795559,2.99978e-005,1.64372e-005,0.0017596
0.000485307,1.84918e-005,9.8623e-006,0.00104171
0.00076515,2.62995e-005,1.35607e-005,0.00170084
0.000444625,1.7259e-005,9.04044e-006,0.000980888
0.000780766,2.99978e-005,2.09574e-005,0.00175878
0.000779533,2.99978e-005,2.17792e-005,0.00175467
0.000450378,1.767e-005,1.27388e-005,0.00100472
0.000871581,3.32853e-005,2.38339e-005,0.00195027
0.000448735,1.7259e-005,1.27388e-005,0.00100554
0.000867883,3.32853e-005,2.42448e-005,0.00194657
0.000435996,1.68481e-005,1.23279e-005,0.000988696
0.000783642,2.95869e-005,2.13683e-005,0.00165769
0.000449557,1.7259e-005,1.23279e-005,0.00101006
0.000457775,1.7259e-005,1.27388e-005,0.00102814
0.000867883,3.32853e-005,2.38339e-005,0.00194945
0.000436407,1.64372e-005,1.27388e-005,0.00103883
0.000869937,3.28743e-005,2.38339e-005,0.00195232
0.00043764,1.64372e-005,1.23279e-005,0.000978012
0.000867883,3.32853e-005,2.3423e-005,0.00194575
0.000447913,1.7259e-005,1.23279e-005,0.0010076
0.000770081,2.99978e-005,2.67104e-005,0.00165111
0.000443804,1.7259e-005,1.56153e-005,0.00100801
0.000447091,1.767e-005,1.56153e-005,0.00100554
0.000771314,2.99978e-005,2.67104e-005,0.00174933
0.000447502,1.68481e-005,1.47935e-005,0.000982121
0.000771314,2.95869e-005,2.67104e-005,0.00175302
0.00076967,2.99978e-005,2.75323e-005,0.00175837
0.000770903,3.04088e-005,2.71213e-005,0.00175385
0.000454488,1.80809e-005,1.64372e-005,0.00106595
0.000771314,2.95869e-005,2.67104e-005,0.0016507
0.000442982,1.68481e-005,1.56153e-005,0.00100267
0.000457775,1.7259e-005,1.52044e-005,0.00100185
0.000768027,2.99978e-005,2.67104e-005,0.0017522
0.000431476,1.68481e-005,1.47935e-005,0.000987463
0.000772958,2.99978e-005,2.67104e-005,0.00175261
0.000430654,1.7259e-005,1.52044e-005,0.000980066
0.000750768,2.95869e-005,3.16415e-005,0.00175179
0.000754466,3.32853e-005,3.24634e-005,0.00175426
0.000457364,1.64372e-005,1.80809e-005,0.00102897
0.000420381,1.64372e-005,1.80809e-005,0.000995682
0.00047339,1.68481e-005,1.84918e-005,0.00101869
0.000756932,2.99978e-005,3.24634e-005,0.00175179
0.000448735,1.7259e-005,1.84918e-005,0.00100719
0.000749946,2.99978e-005,3.24634e-005,0.00175344
0.000752,2.99978e-005,3.20525e-005,0.00175467
0.000748302,2.95869e-005,3.20525e-005,0.00175179
0.00074748,2.99978e-005,3.24634e-005,0.00175385
0.000749535,2.95869e-005,3.24634e-005,0.00171686
0.000420792,1.64372e-005,1.84918e-005,0.000997325
0.000458597,1.80809e-005,1.97246e-005,0.00107499
0.000834597,3.28743e-005,3.57508e-005,0.00194904
0.000433119,1.7259e-005,1.84918e-005,0.00101253
0.000835419,3.28743e-005,3.57508e-005,0.00194616
0.00040682,1.68481e-005,2.09574e-005,0.00099486
0.000810352,3.32853e-005,4.23257e-005,0.00195479
0.000731043,2.95869e-005,3.82164e-005,0.00174727
0.000730632,2.95869e-005,3.82164e-005,0.0017559
0.000409696,1.68481e-005,2.13683e-005,0.00101212
0.000448735,1.84918e-005,2.3012e-005,0.00108074
0.000427777,1.64372e-005,2.17792e-005,0.000977601
0.000445858,1.84918e-005,2.3012e-005,0.00106759
0.000810763,3.28743e-005,4.19148e-005,0.00194452
0.000420792,1.68481e-005,2.26011e-005,0.00100472
0.000424901,1.7259e-005,2.21902e-005,0.00101623
0.000419148,1.7259e-005,2.21902e-005,0.00100185
0.000731865,2.95869e-005,3.78055e-005,0.00175919
0.000408875,1.64372e-005,2.13683e-005,0.00106061
0.00043353,1.80809e-005,2.3423e-005,0.00110211
0.000419559,1.767e-005,2.21902e-005,0.00100883
0.00041997,1.68481e-005,2.38339e-005,0.000998969
0.000735152,2.99978e-005,4.35585e-005,0.00175097
0.000410518,1.64372e-005,2.50667e-005,0.000979244
0.000735563,2.95869e-005,4.35585e-005,0.0017559
0.00041134,1.64372e-005,2.38339e-005,0.00105239
0.000734331,2.95869e-005,4.31476e-005,0.0017559
0.000475445,2.26011e-005,2.54776e-005,0.00100678
0.000735974,2.95869e-005,4.27366e-005,0.00166098
0.000422024,1.7259e-005,2.50667e-005,0.00100678
0.000436818,1.767e-005,2.42448e-005,0.00100226
0.000735152,2.99978e-005,4.27366e-005,0.00175754
0.000410107,1.64372e-005,2.46558e-005,0.00103431
0.000817749,3.28743e-005,4.76678e-005,0.00194411
0.000734331,2.95869e-005,4.31476e-005,0.0017559
0.000734331,2.9176e-005,4.31476e-005,0.0017485
0.000477089,2.3423e-005,2.67104e-005,0.00106801
0.000735563,2.95869e-005,4.31476e-005,0.00166961
0.000422024,1.84918e-005,2.8765e-005,0.0010639
0.000584752,2.79432e-005,3.98601e-005,0.0017596
0.000405587,1.68481e-005,2.71213e-005,0.000991161
0.000696525,2.95869e-005,4.80787e-005,0.00175302
0.000772547,3.32853e-005,5.34208e-005,0.00194534
0.000697758,2.99978e-005,4.84897e-005,0.00175426
0.000694059,2.99978e-005,4.80787e-005,0.00176289
0.000387506,1.7259e-005,2.71213e-005,0.00104417
0.000693238,2.95869e-005,6.24612e-005,0.00174481
0.000399834,1.7259e-005,2.75323e-005,0.00105486
0.000624201,2.67104e-005,4.10929e-005,0.00173207
0.000389561,1.68481e-005,2.67104e-005,0.00100349
0.000696525,2.99978e-005,4.76678e-005,0.00174768
0.000768849,3.28743e-005,4.72569e-005,0.00194164
0.000694881,2.95869e-005,4.31476e-005,0.00174933
0.00069447,2.95869e-005,4.31476e-005,0.00175549
0.000396547,1.64372e-005,2.67104e-005,0.0010191
0.000712962,3.04088e-005,4.80787e-005,0.00175549
0.00039778,1.68481e-005,2.71213e-005,0.0010113
0.000684608,2.54776e-005,4.02711e-005,0.00169673
0.000711319,2.95869e-005,4.80787e-005,0.00175549
0.000407642,1.7259e-005,2.79432e-005,0.00102198
0.000408053,1.68481e-005,2.79432e-005,0.00100554
0.000709264,2.95869e-005,4.80787e-005,0.00175878
0.000788162,3.28743e-005,5.34208e-005,0.00194945
0.000396958,1.64372e-005,2.71213e-005,0.00099486
0.000789806,3.32853e-005,5.38317e-005,0.00194328
0.000396547,1.68481e-005,2.71213e-005,0.000976779
0.000427777,1.7259e-005,2.79432e-005,0.00106801
0.000707209,2.95869e-005,4.31476e-005,0.00175796
0.000440927,1.767e-005,2.46558e-005,0.00100472
0.000712551,2.99978e-005,4.31476e-005,0.00175508
0.000711729,2.95869e-005,4.31476e-005,0.00175467
0.000708442,2.95869e-005,4.27366e-005,0.00175138
0.000710497,2.99978e-005,4.23257e-005,0.00175138
0.000713373,2.95869e-005,4.27366e-005,0.00175754
0.000408875,1.7259e-005,2.46558e-005,0.00100719
0.000397369,1.68481e-005,2.42448e-005,0.00107253
0.000433119,1.80809e-005,2.62995e-005,0.00107622
0.000408053,1.7259e-005,2.50667e-005,0.00100678
0.00071214,2.99978e-005,4.31476e-005,0.00175549
0.000408053,1.767e-005,2.46558e-005,0.00100801
0.000788984,3.28743e-005,4.76678e-005,0.00194986
0.000408053,1.7259e-005,2.46558e-005,0.00100513
0.000788573,3.28743e-005,4.76678e-005,0.00194041
0.000415449,1.7259e-005,2.13683e-005,0.000976368
0.000397369,1.64372e-005,2.17792e-005,0.00104417
0.000414217,1.7259e-005,2.13683e-005,0.000976368
0.000609819,3.24634e-005,3.78055e-005,0.00175385
0.000709675,2.95869e-005,3.73946e-005,0.0017559
0.00071214,2.95869e-005,3.78055e-005,0.00179946
0.000710908,2.99978e-005,3.78055e-005,0.00175631
0.000408875,1.7259e-005,2.17792e-005,0.00100061
0.000788573,3.28743e-005,4.23257e-005,0.00195274
0.000453255,2.3012e-005,2.38339e-005,0.00106842
0.00071214,2.99978e-005,3.78055e-005,0.00169673
0.00039819,1.68481e-005,2.09574e-005,0.00103719
0.000439283,1.767e-005,2.17792e-005,0.00101376
0.00071214,2.95869e-005,3.78055e-005,0.00175796
0.000396136,1.68481e-005,2.09574e-005,0.00097719
0.00078734,3.28743e-005,4.19148e-005,0.00194411
0.000709264,2.99978e-005,3.24634e-005,0.00174645
0.000804599,3.32853e-005,3.65727e-005,0.00195931
0.000445036,1.68481e-005,1.84918e-005,0.000981299
0.000790217,3.32853e-005,3.61618e-005,0.00189849
0.000395725,1.68481e-005,1.84918e-005,0.00105814
0.00066776,2.58885e-005,2.79432e-005,0.00170947
0.000425312,1.80809e-005,1.97246e-005,0.00106759
0.000710497,2.99978e-005,3.28743e-005,0.00175138
0.000711319,2.99978e-005,3.28743e-005,0.00174933
0.000397369,1.64372e-005,1.84918e-005,0.00101171
0.00071214,2.95869e-005,3.28743e-005,0.00175056
0.00039819,1.68481e-005,1.84918e-005,0.000980066
0.000789806,3.32853e-005,3.65727e-005,0.00192849
0.000447091,1.767e-005,1.89027e-005,0.00100595
0.000431065,1.64372e-005,1.89027e-005,0.00101664
0.000432708,1.84918e-005,2.01355e-005,0.00106842
0.000708442,2.99978e-005,3.28743e-005,0.00175261
0.000888429,3.65727e-005,3.41071e-005,0.00218861
0.00043764,1.7259e-005,1.56153e-005,0.000998147
0.00071214,2.95869e-005,2.75323e-005,0.00175344
0.000714195,2.99978e-005,2.75323e-005,0.00175179
0.000710497,2.99978e-005,2.75323e-005,0.00175713
0.000409286,1.68481e-005,1.60262e-005,0.00100431
0.000430654,1.767e-005,1.60262e-005,0.00103225
0.000710497,2.95869e-005,2.71213e-005,0.00174891
0.000441338,1.80809e-005,1.68481e-005,0.00106636
0.000712551,2.99978e-005,2.75323e-005,0.00174727
0.000413395,1.68481e-005,1.60262e-005,0.000979655
0.000713373,2.99978e-005,2.71213e-005,0.00175713
0.000709264,2.99978e-005,2.75323e-005,0.00175385
0.000407642,1.68481e-005,1.64372e-005,0.00102979
0.000668582,2.46558e-005,2.42448e-005,0.00179658
0.000412573,1.767e-005,1.60262e-005,0.00104746
0.000708442,2.99978e-005,2.21902e-005,0.00175426
0.000410929,1.767e-005,1.31497e-005,0.00100431
0.000710086,2.95869e-005,2.26011e-005,0.00175344
0.000421613,1.7259e-005,1.31497e-005,0.00100185
0.000405176,1.767e-005,1.31497e-005,0.00104417
0.000708853,2.99978e-005,2.26011e-005,0.00175302
0.000708442,2.99978e-005,2.21902e-005,0.00175344
0.000711729,3.36962e-005,2.26011e-005,0.00175385
0.000710908,2.95869e-005,2.21902e-005,0.0016655
0.000397369,1.68481e-005,1.27388e-005,0.00099938
0.000409286,1.7259e-005,1.31497e-005,0.00101171
0.00039819,1.68481e-005,1.27388e-005,0.000994038
0.000408053,1.7259e-005,1.31497e-005,0.00100349
0.00071214,2.99978e-005,2.26011e-005,0.00175837
0.000409696,1.7259e-005,1.35607e-005,0.00100678
0.000788162,3.32853e-005,2.50667e-005,0.00194534
0.000408464,1.68481e-005,1.27388e-005,0.00106472
0.000709264,2.99978e-005,1.767e-005,0.00172631
0.00039778,1.68481e-005,1.02732e-005,0.000978422
0.000489417,1.7259e-005,1.06842e-005,0.00105855
0.000711319,2.95869e-005,1.7259e-005,0.0017559
0.000395725,1.68481e-005,9.45137e-006,0.00105486
0.000711729,2.99978e-005,1.7259e-005,0.00175508
0.000712962,2.99978e-005,1.68481e-005,0.00175261
0.000429832,1.80809e-005,1.06842e-005,0.00106636
0.000724468,3.36962e-005,1.68481e-005,0.00222806
0.000463528,1.97246e-005,1.1506e-005,0.00115019
0.000467637,2.62995e-005,1.06842e-005,0.00107088
0.000475856,3.28743e-005,1.64372e-005,0.00213437
0.000432708,1.80809e-005,1.06842e-005,0.00107869
0.000792683,3.16415e-005,1.7259e-005,0.00118717
0.000437229,1.84918e-005,1.10951e-005,0.00106225
0.000410518,1.68481e-005,1.06842e-005,0.0010339
0.000409696,1.68481e-005,6.16394e-006,0.00101746
0.000738029,3.16415e-005,1.06842e-005,0.00194904
0.000453666,1.7259e-005,6.16394e-006,0.00108239
0.000440516,1.93137e-005,6.9858e-006,0.00106677
0.000716661,3.16415e-005,1.10951e-005,0.00165276
0.000408464,1.7259e-005,6.57487e-006,0.00100472
0.000434352,1.80809e-005,6.57487e-006,0.00106677
0.000728167,3.04088e-005,1.06842e-005,0.00201232
0.000426955,1.7259e-005,6.16394e-006,0.00112471
0.000616394,1.97246e-005,6.9858e-006,0.00106677
0.000396136,1.64372e-005,6.16394e-006,0.00102938
0.000431065,1.80809e-005,6.9858e-006,0.00106513
0.00044668,1.89027e-005,6.57487e-006,0.00107088
0.000708853,2.95869e-005,1.10951e-005,0.00165687
0.000422846,1.68481e-005,6.16394e-006,0.00101047
0.000407231,1.7259e-005,6.16394e-006,0.00100349
0.000431887,1.84918e-005,6.9858e-006,0.00107828
0.000409696,1.68481e-005,6.16394e-006,0.0010265
0.000432298,1.80809e-005,6.57487e-006,0.00106842
0.000712551,2.95869e-005,1.64372e-005,0.00175467
0.000569548,2.38339e-005,1.39716e-005,0.00140045
0.00039778,2.42448e-005,1.06842e-005,0.00108403
0.000711729,2.99978e-005,1.7259e-005,0.00165235
0.00040682,1.7259e-005,9.8623e-006,0.00100554
0.000483253,2.58885e-005,1.1506e-005,0.00113827
0.000432298,1.80809e-005,1.10951e-005,0.00107006
0.00044668,1.68481e-005,1.02732e-005,0.000980888
0.000437229,1.84918e-005,1.10951e-005,0.00106718
0.000417504,1.68481e-005,9.8623e-006,0.00107335
0.000703511,2.67104e-005,1.68481e-005,0.00190753
0.000709675,2.99978e-005,1.7259e-005,0.00175015
0.000711729,2.99978e-005,1.68481e-005,0.00167289
0.00039819,1.68481e-005,1.02732e-005,0.000979244
0.000441338,2.21902e-005,1.10951e-005,0.00114855
0.000409286,1.7259e-005,9.8623e-006,0.00102157
0.000412984,1.84918e-005,1.02732e-005,0.00113416
0.000409696,1.7259e-005,1.02732e-005,0.00104047
0.000456131,1.767e-005,1.27388e-005,0.00105198
0.000405998,1.80809e-005,1.43825e-005,0.00106636
0.000385863,1.68481e-005,1.35607e-005,0.0010602
0.000704333,3.53399e-005,2.46558e-005,0.00141277
0.000371069,1.64372e-005,1.31497e-005,0.00104253
0.000413395,1.97246e-005,1.43825e-005,0.00120895
0.000404354,1.80809e-005,1.43825e-005,0.00106348
0.000381753,1.68481e-005,1.35607e-005,0.00100637
0.000470514,1.767e-005,1.35607e-005,0.00105198
0.000406409,1.80809e-005,1.39716e-005,0.00107047
0.000380931,1.64372e-005,1.31497e-005,0.00101047
0.000407231,1.84918e-005,1.39716e-005,0.00106759
0.000799257,3.04088e-005,2.26011e-005,0.00175015
0.000662829,2.95869e-005,2.3012e-005,0.00175015
0.000416271,1.80809e-005,1.39716e-005,0.00108444
0.000412162,1.7259e-005,2.21902e-005,0.00109513
0.00042449,1.767e-005,1.60262e-005,0.00102157
0.000668993,2.95869e-005,2.79432e-005,0.00175467
0.000407642,1.767e-005,1.80809e-005,0.00106677
0.000666116,2.95869e-005,2.83541e-005,0.00175385
0.000374767,1.64372e-005,1.60262e-005,0.00100267
0.000740084,3.28743e-005,3.12306e-005,0.00194246
0.000426955,1.7259e-005,1.68481e-005,0.00105609
0.000410107,1.84918e-005,1.7259e-005,0.00107951
0.000383397,1.68481e-005,1.64372e-005,0.00106677
0.00040682,1.84918e-005,1.767e-005,0.00106842
0.000667349,2.99978e-005,2.79432e-005,0.00175754
0.000373535,1.68481e-005,1.56153e-005,0.00103225
0.000668993,2.9176e-005,2.83541e-005,0.0017559
0.000670637,2.99978e-005,2.83541e-005,0.00175261
0.000391205,1.64372e-005,1.64372e-005,0.000980888
0.000415039,1.84918e-005,1.767e-005,0.00106102
0.000440927,1.80809e-005,1.89027e-005,0.00141565
0.000500512,4.56131e-005,2.05465e-005,0.00114526
0.000684197,3.12306e-005,3.36962e-005,0.00175467
0.000672691,2.99978e-005,3.32853e-005,0.00175344
0.000386273,1.68481e-005,1.97246e-005,0.00100924
0.000671869,2.95869e-005,3.32853e-005,0.00175261
0.000670637,2.99978e-005,3.41071e-005,0.00175549
0.000675568,2.99978e-005,3.36962e-005,0.00175138
0.000673102,3.04088e-005,3.32853e-005,0.00175344
0.000673924,2.99978e-005,3.36962e-005,0.00167495
0.000410107,1.80809e-005,2.05465e-005,0.00107006
0.000608997,2.62995e-005,2.8765e-005,0.00173987
0.000387506,1.68481e-005,1.89027e-005,0.000991161
0.000674335,2.99978e-005,3.32853e-005,0.00175385
0.000746658,3.32853e-005,3.82164e-005,0.00194986
0.000376411,1.64372e-005,1.93137e-005,0.000998147
0.000697347,2.99978e-005,3.82164e-005,0.00176206
0.000399834,1.68481e-005,2.21902e-005,0.00097719
0.000682964,2.95869e-005,3.94492e-005,0.00175015
0.00039367,1.68481e-005,2.3423e-005,0.000999791
0.000417093,1.767e-005,2.42448e-005,0.00107417
0.000681732,2.95869e-005,3.86273e-005,0.00175056
0.000416682,1.80809e-005,2.42448e-005,0.00106225
0.000382164,1.64372e-005,2.21902e-005,0.00106801
0.000682143,2.95869e-005,3.86273e-005,0.00175713
0.000685019,2.99978e-005,3.90383e-005,0.00175754
0.000381753,1.64372e-005,2.26011e-005,0.000991983
0.000758164,3.28743e-005,4.31476e-005,0.00196876
0.000682964,2.99978e-005,3.86273e-005,0.00175508
0.000401889,2.62995e-005,2.38339e-005,0.00103143
0.000381342,1.64372e-005,2.21902e-005,0.000978012
0.000392848,1.7259e-005,2.21902e-005,0.00100637
0.000757343,3.28743e-005,4.35585e-005,0.00194945
0.000679266,2.95869e-005,4.31476e-005,0.00175837
0.000755288,3.28743e-005,4.89006e-005,0.00194616
0.000730221,3.36962e-005,4.23257e-005,0.0011017
0.000378466,1.64372e-005,2.50667e-005,0.00103677
0.000379699,1.64372e-005,2.46558e-005,0.000995682
0.000755288,3.24634e-005,4.89006e-005,0.00174933
0.000680088,2.95869e-005,4.35585e-005,0.00175508
0.000390794,1.68481e-005,2.50667e-005,0.00101869
0.000382575,1.68481e-005,2.50667e-005,0.000997736
0.00038011,1.64372e-005,2.50667e-005,0.0010302
0.000680088,2.95869e-005,4.39694e-005,0.0017522
0.000415449,1.767e-005,2.71213e-005,0.00106883
0.000678855,2.95869e-005,4.35585e-005,0.00176083
0.000414628,1.80809e-005,2.67104e-005,0.00106348
0.000681321,2.99978e-005,0.00108403,0.00268624
0.000390383,1.68481e-005,2.38339e-005,0.00154879
0.000400245,1.7259e-005,2.54776e-005,0.0015829
0.000677211,2.95869e-005,4.60241e-005,0.00270515
0.000397369,1.80809e-005,2.8765e-005,0.00164536
0.000680088,2.95869e-005,4.56131e-005,0.00270926
0.000677211,2.95869e-005,4.60241e-005,0.00271049
0.000679677,2.9176e-005,4.6435e-005,0.00270391
0.000388328,1.68481e-005,2.67104e-005,0.00154797
0.000678444,2.99978e-005,4.76678e-005,0.00260365
0.00038052,1.60262e-005,2.62995e-005,0.00152455
0.000591327,3.16415e-005,4.56131e-005,0.00271378
0.000389561,1.7259e-005,2.71213e-005,0.00152208
0.000412573,1.68481e-005,2.58885e-005,0.0015677
0.000678855,2.95869e-005,3.90383e-005,0.00271049
0.000678855,2.95869e-005,3.90383e-005,0.00270761
0.000679266,2.95869e-005,3.86273e-005,0.00270926
0.00039778,1.64372e-005,2.17792e-005,0.00157509
0.000677622,2.95869e-005,3.90383e-005,0.00260365
0.000507498,1.68481e-005,3.90383e-005,0.00171892
0.000417915,1.89027e-005,2.42448e-005,0.0016581
0.000393259,1.68481e-005,2.26011e-005,0.00155044
0.000389561,1.68481e-005,2.26011e-005,0.00155372
0.000679266,2.95869e-005,3.90383e-005,0.00270638
0.000678855,2.95869e-005,3.90383e-005,0.00270761
0.00068091,2.99978e-005,3.86273e-005,0.00270597
0.000417504,3.94492e-005,3.98601e-005,0.0016129
0.000413395,1.84918e-005,2.42448e-005,0.00162933
0.000377644,1.68481e-005,2.17792e-005,0.00156811
0.000410929,1.84918e-005,2.26011e-005,0.00155742
0.000388328,1.767e-005,3.20525e-005,0.00157263
0.000379288,1.64372e-005,2.26011e-005,0.00152373
0.00067639,2.99978e-005,3.90383e-005,0.0027072
0.000378466,1.68481e-005,2.17792e-005,0.00154509
0.000678855,2.95869e-005,3.94492e-005,0.00270145
0.000397369,1.64372e-005,2.21902e-005,0.00163961
0.00067639,2.95869e-005,3.90383e-005,0.00263981
0.00039778,1.68481e-005,2.17792e-005,0.00150482
0.000679677,2.99978e-005,3.90383e-005,0.00260447
0.000677622,2.95869e-005,3.94492e-005,0.00270104
0.000678033,2.95869e-005,3.86273e-005,0.00269898
0.000678855,2.95869e-005,3.90383e-005,0.00269816
0.000677622,2.95869e-005,3.90383e-005,0.00270679
0.000742138,3.57508e-005,3.94492e-005,0.00282637
0.000466405,2.13683e-005,2.26011e-005,0.00158167
0.000448324,1.7259e-005,2.26011e-005,0.00154715
0.000678855,2.95869e-005,3.94492e-005,0.00269528
0.000411751,1.80809e-005,2.3423e-005,0.00163961
0.000677211,2.99978e-005,3.36962e-005,0.00265378
0.000390383,1.7259e-005,1.93137e-005,0.00154756
0.000410518,1.7259e-005,1.97246e-005,0.00158701
0.000399012,1.64372e-005,1.89027e-005,0.00151181
0.000389972,1.68481e-005,1.93137e-005,0.00154633
0.000680499,2.99978e-005,3.41071e-005,0.00269118
0.000678444,2.95869e-005,3.45181e-005,0.00269446
0.000679677,2.95869e-005,3.86273e-005,0.00268871
0.00067639,2.95869e-005,3.94492e-005,0.00269611
0.000677622,2.95869e-005,3.90383e-005,0.00278117
0.000678855,2.95869e-005,3.94492e-005,0.00269323
0.000679677,2.95869e-005,3.90383e-005,0.00259173
0.00038011,1.64372e-005,3.08197e-005,0.001647
0.0006768,2.95869e-005,3.90383e-005,0.002692
0.000392437,1.68481e-005,2.26011e-005,0.00153729
0.000678855,2.95869e-005,3.90383e-005,0.00274583
0.000412984,1.84918e-005,2.09574e-005,0.00163468
0.000679266,2.9176e-005,3.41071e-005,0.00269323
0.000678033,2.95869e-005,3.41071e-005,0.00268912
0.00067639,2.95869e-005,3.36962e-005,0.00269405
0.00038052,1.68481e-005,1.97246e-005,0.00159523
0.000678444,2.95869e-005,3.36962e-005,0.00268214
0.000635708,2.95869e-005,3.41071e-005,0.00269528
0.000678855,2.99978e-005,3.90383e-005,0.00269118
0.000680088,2.9176e-005,3.90383e-005,0.00269405
0.000681732,2.99978e-005,3.90383e-005,0.00268953
0.000379699,1.64372e-005,2.26011e-005,0.00151592
0.000680088,2.99978e-005,3.94492e-005,0.00269076
0.000450378,1.97246e-005,2.38339e-005,0.00163509
0.000679677,2.95869e-005,3.94492e-005,0.00258392
0.000382164,1.68481e-005,2.21902e-005,0.00151345
0.000393259,1.68481e-005,2.21902e-005,0.00163303
0.000381342,1.64372e-005,1.89027e-005,0.00151592
0.000409696,1.68481e-005,2.01355e-005,0.00153893
0.000758575,3.28743e-005,3.78055e-005,0.00298335
0.000677622,2.95869e-005,3.36962e-005,0.00267638
0.000680499,2.95869e-005,3.41071e-005,0.0026883
0.000679266,2.95869e-005,3.41071e-005,0.0026846
0.000379288,1.64372e-005,1.93137e-005,0.00166878
0.0006768,2.95869e-005,3.90383e-005,0.0026846
0.000427366,1.80809e-005,2.46558e-005,0.00164372
0.00075159,3.32853e-005,4.39694e-005,0.00298417
0.000389972,1.7259e-005,2.26011e-005,0.00154592
0.000750768,3.28743e-005,4.39694e-005,0.00296937
0.000389972,1.7259e-005,2.3012e-005,0.00153441
0.00067639,2.99978e-005,3.94492e-005,0.00268049
0.000674335,3.32853e-005,3.94492e-005,0.00268337
0.000677622,2.9176e-005,3.94492e-005,0.00260077
0.00043353,1.68481e-005,2.17792e-005,0.00159358
0.000604888,2.62995e-005,2.8765e-005,0.00266734
0.000378055,1.64372e-005,1.93137e-005,0.00150975
0.00038915,1.68481e-005,1.97246e-005,0.00153646
0.000677622,2.9176e-005,3.45181e-005,0.0026846
0.000677211,2.95869e-005,3.41071e-005,0.00267885
0.000678855,2.99978e-005,3.45181e-005,0.00269939
0.000391205,1.7259e-005,2.26011e-005,0.001534
0.000691594,2.95869e-005,3.94492e-005,0.00273679
0.000410929,1.89027e-005,2.38339e-005,0.0016244
0.00062338,2.54776e-005,3.36962e-005,0.00275569
0.000388739,1.68481e-005,2.3012e-005,0.00152783
0.000453255,2.05465e-005,2.42448e-005,0.00162687
0.000377644,1.68481e-005,2.21902e-005,0.00151016
0.000673102,2.9176e-005,3.94492e-005,0.00267803
0.000675157,2.9176e-005,3.94492e-005,0.00267474
0.000388328,1.68481e-005,2.3012e-005,0.0015303
0.000749535,3.24634e-005,3.78055e-005,0.00278322
0.000413395,1.80809e-005,2.13683e-005,0.00162481
0.000567493,2.8765e-005,2.95869e-005,0.00267515
0.000386273,1.7259e-005,1.97246e-005,0.00152044
0.000395725,1.7259e-005,2.01355e-005,0.00153112
0.0006768,2.95869e-005,3.45181e-005,0.00269076
0.000386684,1.64372e-005,2.17792e-005,0.00154674
0.000694881,2.95869e-005,3.98601e-005,0.00267145
0.000695703,2.95869e-005,4.02711e-005,0.00268049
0.000691594,2.9176e-005,4.02711e-005,0.00262707
0.000410929,1.89027e-005,2.50667e-005,0.0016207
0.000421202,1.68481e-005,2.3012e-005,0.00158495
0.000399423,1.68481e-005,2.38339e-005,0.00153564
0.000692416,2.95869e-005,3.98601e-005,0.00267268
0.000692416,2.95869e-005,3.98601e-005,0.00266857
0.000388328,1.68481e-005,2.3012e-005,0.00150893
0.00069447,2.95869e-005,3.98601e-005,0.0026957
0.000387506,1.64372e-005,2.26011e-005,0.00154057
0.000770903,3.32853e-005,4.39694e-005,0.00291595
0.000388328,1.64372e-005,2.26011e-005,0.00156482
0.000422024,1.80809e-005,2.42448e-005,0.00163385
0.000695292,2.95869e-005,4.02711e-005,0.00267104
0.000691594,2.99978e-005,4.52022e-005,0.00267063
0.000695292,2.99978e-005,4.52022e-005,0.00268296
0.000405998,1.68481e-005,2.54776e-005,0.00148715
0.000692005,2.95869e-005,4.47913e-005,0.00267022
0.000692005,2.95869e-005,4.52022e-005,0.00266899
0.000444215,2.09574e-005,2.79432e-005,0.00162358
0.000386684,1.64372e-005,2.58885e-005,0.0014888
0.000693238,2.95869e-005,4.52022e-005,0.00256173
0.000387917,1.68481e-005,2.54776e-005,0.00150647
0.00038915,1.7259e-005,2.58885e-005,0.00155865
0.000415449,1.64372e-005,2.54776e-005,0.00152825
0.000420381,1.80809e-005,2.79432e-005,0.00162605
0.000693238,2.99978e-005,4.56131e-005,0.00267392
0.000387506,1.64372e-005,2.58885e-005,0.00150729
0.000692005,2.95869e-005,4.52022e-005,0.00267186
0.000386684,1.68481e-005,2.54776e-005,0.00150523
0.000416682,1.84918e-005,3.12306e-005,0.00162851
0.000389561,1.68481e-005,2.8765e-005,0.0015077
0.000639817,2.67104e-005,4.27366e-005,0.00264145
0.000690772,2.95869e-005,5.05443e-005,0.00267556
0.000421202,1.80809e-005,3.12306e-005,0.00161084
0.000691594,2.99978e-005,5.09552e-005,0.00267433
0.000422846,1.80809e-005,3.08197e-005,0.0015903
0.00076967,3.28743e-005,5.58864e-005,0.00296896
0.000387095,1.68481e-005,2.83541e-005,0.00150647
0.000387095,1.64372e-005,2.83541e-005,0.00154509
0.000766794,3.28743e-005,5.58864e-005,0.00296527
0.000425312,1.80809e-005,3.08197e-005,0.00163057
0.000397369,2.46558e-005,2.8765e-005,0.00148551
0.000422846,1.80809e-005,3.08197e-005,0.00162029
0.000692827,2.95869e-005,5.05443e-005,0.00266652
0.000420792,1.84918e-005,2.75323e-005,0.00161742
0.000388328,1.68481e-005,2.58885e-005,0.00151016
0.000421613,1.80809e-005,2.79432e-005,0.00152948
0.00076926,3.32853e-005,5.09552e-005,0.00283459
0.000399423,1.7259e-005,3.69836e-005,0.001504
0.000694059,2.99978e-005,5.05443e-005,0.00257488
0.000454077,1.7259e-005,4.0682e-005,0.00164577
0.00069447,2.95869e-005,5.05443e-005,0.00266611
0.000694881,2.9176e-005,5.05443e-005,0.00266323
0.00038915,1.68481e-005,2.83541e-005,0.0015414
0.000770903,3.32853e-005,5.62973e-005,0.00296157
0.000387506,1.64372e-005,2.8765e-005,0.0015077
0.000771725,3.32853e-005,5.58864e-005,0.00284568
0.00038915,1.68481e-005,2.8765e-005,0.00150688
0.000396958,1.767e-005,2.95869e-005,0.00158372
0.000400656,1.7259e-005,2.95869e-005,0.0015303
0.000417504,1.7259e-005,2.58885e-005,0.00152783
0.000426134,1.80809e-005,2.79432e-005,0.00154797
0.00038915,1.64372e-005,2.54776e-005,0.00153441
0.000694059,2.95869e-005,4.47913e-005,0.00266652
0.000391205,1.68481e-005,2.83541e-005,0.00154715
0.000697758,2.95869e-005,5.05443e-005,0.0026694
0.000426134,1.80809e-005,3.12306e-005,0.00162153
0.000390794,1.68481e-005,2.8765e-005,0.00155167
0.000401067,1.7259e-005,2.95869e-005,0.00152907
0.000616805,3.08197e-005,5.09552e-005,0.00267145
0.000700223,2.95869e-005,5.05443e-005,0.00267063
0.00069858,2.99978e-005,5.05443e-005,0.00266529
0.000425312,1.767e-005,3.16415e-005,0.00162235
0.000389972,1.64372e-005,2.9176e-005,0.00150195
0.000425312,1.80809e-005,3.12306e-005,0.00162112
0.000390383,1.64372e-005,2.8765e-005,0.001504
0.000695703,2.99978e-005,4.60241e-005,0.00256338
0.000391616,1.68481e-005,2.58885e-005,0.00150688
0.000425312,1.84918e-005,2.83541e-005,0.0016318
0.000441338,1.68481e-005,2.58885e-005,0.0015829
0.000404354,1.7259e-005,2.95869e-005,0.00152742
0.0007031,2.95869e-005,5.13662e-005,0.00266405
0.000449146,2.05465e-005,2.9176e-005,0.00155537
0.000701045,2.99978e-005,5.09552e-005,0.00267104
0.000694881,3.32853e-005,5.09552e-005,0.0026657
0.000405176,1.68481e-005,2.95869e-005,0.0015603
0.00039367,2.46558e-005,2.99978e-005,0.00151551
0.000426955,1.68481e-005,2.95869e-005,0.00152989
0.000410929,1.68481e-005,2.9176e-005,0.00148263
0.000702689,2.95869e-005,5.09552e-005,0.0026694
0.000403122,1.7259e-005,2.95869e-005,0.00152907
0.0007031,2.95869e-005,5.05443e-005,0.00266734
0.000703511,2.99978e-005,4.60241e-005,0.00266816
0.000428188,1.80809e-005,3.61618e-005,0.00164742
0.000433941,1.84918e-005,2.83541e-005,0.00162029
0.000405998,1.7259e-005,2.67104e-005,0.00156605
0.000702689,2.95869e-005,6.16394e-005,0.00256297
0.000408464,1.7259e-005,2.8765e-005,0.0014851
0.000401889,1.68481e-005,2.95869e-005,0.00152742
0.000776245,3.28743e-005,5.62973e-005,0.00295458
0.000410107,1.68481e-005,2.8765e-005,0.00150112
0.000777889,3.32853e-005,5.67082e-005,0.00296116
0.000691183,3.32853e-005,5.13662e-005,0.00266816
0.00069858,2.99978e-005,5.09552e-005,0.00264721
0.000404354,1.68481e-005,2.95869e-005,0.0015266
0.000698991,2.95869e-005,5.09552e-005,0.00256338
0.000448735,1.84918e-005,3.78055e-005,0.00154468
0.000698991,2.95869e-005,5.17771e-005,0.00266323
0.000701045,2.99978e-005,4.60241e-005,0.00266816
0.000391616,1.64372e-005,2.62995e-005,0.00150195
0.000391205,1.64372e-005,3.4929e-005,0.00148469
0.000417093,1.80809e-005,2.83541e-005,0.00161454
0.000699812,2.95869e-005,4.56131e-005,0.00266488
0.000423257,1.80809e-005,3.12306e-005,0.00158331
0.000466816,2.01355e-005,3.73946e-005,0.00163262
0.000425723,1.80809e-005,3.16415e-005,0.00154057
0.000392848,1.7259e-005,2.9176e-005,0.00158783
0.00069858,2.9176e-005,5.13662e-005,0.00266529
0.000390383,1.64372e-005,2.8765e-005,0.00154057
0.000698169,2.95869e-005,5.09552e-005,0.00266447
0.000392437,1.68481e-005,2.9176e-005,0.00148592
0.000697758,2.95869e-005,5.13662e-005,0.00266159
0.000399834,1.68481e-005,2.95869e-005,0.0016055
0.000695703,2.99978e-005,5.13662e-005,0.00256707
0.000426545,1.80809e-005,2.83541e-005,0.00162029
0.000403943,1.7259e-005,2.67104e-005,0.00153194
0.0004023,1.7259e-005,2.62995e-005,0.00152578
0.000389972,1.64372e-005,2.62995e-005,0.00152085
0.000398601,2.50667e-005,2.58885e-005,0.00148222
0.000387506,1.64372e-005,2.8765e-005,0.00155249
0.000695292,2.99978e-005,5.13662e-005,0.00266241
0.00044216,1.68481e-005,2.9176e-005,0.00159235
0.000414628,1.68481e-005,2.9176e-005,0.00154961
0.000390794,1.64372e-005,2.9176e-005,0.0015266
0.000635297,2.62995e-005,4.31476e-005,0.00272446
0.000388328,1.64372e-005,2.8765e-005,0.00163837
0.000388739,1.68481e-005,2.95869e-005,0.00150071
0.000698991,2.99978e-005,5.09552e-005,0.00266734
0.000408464,1.68481e-005,2.8765e-005,0.00147893
0.000424901,1.80809e-005,3.16415e-005,0.00155126
0.000696525,2.95869e-005,4.6435e-005,0.00266652
0.000692827,2.99978e-005,4.6435e-005,0.00255393
0.00038915,1.68481e-005,2.58885e-005,0.00154427
0.000684608,2.50667e-005,3.90383e-005,0.00259831
0.000694881,2.95869e-005,4.6435e-005,0.00265953
0.000679677,2.99978e-005,5.01334e-005,0.00266447
0.000708853,3.12306e-005,5.17771e-005,0.00267022
0.00038011,1.68481e-005,2.95869e-005,0.00149702
0.000680499,2.95869e-005,5.17771e-005,0.00266364
0.000382164,1.68481e-005,2.9176e-005,0.00149907
0.000682553,2.95869e-005,5.13662e-005,0.00262008
0.00038052,1.68481e-005,2.8765e-005,0.00149948
0.000412162,1.7259e-005,2.99978e-005,0.00156194
0.000681321,2.95869e-005,5.13662e-005,0.00266118
0.000381342,1.64372e-005,2.95869e-005,0.00153482
0.00068091,2.95869e-005,5.17771e-005,0.00266734
0.000395314,1.7259e-005,2.95869e-005,0.00152414
0.000682143,2.95869e-005,5.13662e-005,0.00265912
0.000392027,1.68481e-005,2.99978e-005,0.00152619
0.00075611,3.28743e-005,5.13662e-005,0.00296527
0.000678033,2.9176e-005,4.60241e-005,0.00266447
0.000385041,1.767e-005,2.99978e-005,0.0016507
0.000415039,1.80809e-005,3.24634e-005,0.00161701
0.000682143,3.08197e-005,5.17771e-005,0.00266036
0.00040682,1.64372e-005,2.9176e-005,0.00161002
0.000415449,1.80809e-005,3.16415e-005,0.00156071
0.000679266,2.99978e-005,5.17771e-005,0.00265953
0.000413395,1.80809e-005,3.24634e-005,0.00158989
0.000680088,2.99978e-005,5.2188e-005,0.00265789
0.000411751,1.767e-005,3.20525e-005,0.00156194
0.000422846,1.84918e-005,3.16415e-005,0.00161906
0.000412984,1.80809e-005,3.16415e-005,0.00161701
0.00056585,2.09574e-005,3.20525e-005,0.00161865
0.000413395,1.80809e-005,3.20525e-005,0.00161495
0.000390383,1.68481e-005,3.08197e-005,0.00152866
0.000753233,3.28743e-005,5.13662e-005,0.00295499
0.000414217,1.80809e-005,2.8765e-005,0.00161536
0.000752411,3.24634e-005,5.13662e-005,0.00295458
0.000435996,1.7259e-005,2.95869e-005,0.00163098
0.000677211,2.9176e-005,5.17771e-005,0.0025642
0.00040682,1.64372e-005,2.95869e-005,0.00148304
0.000400245,1.68481e-005,2.95869e-005,0.00162646
0.000385863,1.84918e-005,3.20525e-005,0.00161906
0.000438051,1.64372e-005,2.9176e-005,0.00151962
0.000675979,2.99978e-005,5.17771e-005,0.00265214
0.000675157,2.95869e-005,5.17771e-005,0.00265707
0.000378877,1.64372e-005,2.9176e-005,0.0015303
0.000387917,1.68481e-005,3.04088e-005,0.00152414
0.00038915,1.68481e-005,2.99978e-005,0.0015829
0.00041134,1.7259e-005,0.000689539,0.00206492
0.000630776,2.58885e-005,4.15039e-005,0.00358906
0.000392848,1.7259e-005,2.8765e-005,0.00212985
0.000413806,1.80809e-005,3.04088e-005,0.00219313
0.000392437,1.68481e-005,2.8765e-005,0.00221737
0.000677211,2.95869e-005,5.38317e-005,0.00297842
0.000675157,2.95869e-005,5.46536e-005,0.00361782
0.000678033,2.95869e-005,5.38317e-005,0.00361412
0.000680499,2.95869e-005,5.38317e-005,0.00351139
0.000389972,1.68481e-005,3.20525e-005,0.00207273
0.000678855,4.43804e-005,4.60241e-005,0.00350934
0.000390383,1.68481e-005,3.16415e-005,0.00207355
0.000677622,2.95869e-005,5.34208e-005,0.00361453
0.000678444,2.95869e-005,5.2188e-005,0.00360878
0.000677622,2.99978e-005,5.17771e-005,0.00361412
0.000678033,2.9176e-005,5.2188e-005,0.00361248
0.000678855,2.95869e-005,5.2188e-005,0.00361577
0.000678855,2.99978e-005,5.2188e-005,0.00351755
0.000379699,1.64372e-005,2.95869e-005,0.00208958
0.000379288,2.50667e-005,2.9176e-005,0.00213601
0.0006768,2.95869e-005,4.6435e-005,0.00361659
0.000441749,1.767e-005,2.75323e-005,0.00212902
0.000679266,2.95869e-005,4.72569e-005,0.00362974
0.000396136,1.68481e-005,2.71213e-005,0.00203328
0.000678444,2.95869e-005,4.68459e-005,0.00361248
0.000447091,3.24634e-005,3.57508e-005,0.00213889
0.000411751,1.767e-005,2.9176e-005,0.00212861
0.000665705,3.28743e-005,4.68459e-005,0.00360878
0.000412984,1.80809e-005,2.8765e-005,0.00214998
0.000396547,1.68481e-005,2.67104e-005,0.00205054
0.00039367,1.767e-005,2.71213e-005,0.00206739
0.000678033,2.95869e-005,4.72569e-005,0.0036059
0.000379288,1.68481e-005,2.67104e-005,0.00206369
0.000677622,2.99978e-005,4.68459e-005,0.00360755
0.000679266,2.95869e-005,4.68459e-005,0.00359851
0.000679266,2.99978e-005,4.19148e-005,0.00356399
0.000675157,3.04088e-005,4.15039e-005,0.00360138
0.000389972,1.7259e-005,2.46558e-005,0.00219518
0.000755699,3.32853e-005,4.60241e-005,0.00400779
0.000391616,1.7259e-005,2.46558e-005,0.00207232
0.00039819,1.68481e-005,2.38339e-005,0.0020678
0.00038915,1.64372e-005,2.38339e-005,0.00208711
0.000753644,3.32853e-005,4.60241e-005,0.00400122
0.000378877,1.68481e-005,2.3423e-005,0.00202383
0.000678444,2.95869e-005,4.19148e-005,0.00360837
0.000395725,1.68481e-005,2.42448e-005,0.00202383
0.00038011,1.68481e-005,2.3423e-005,0.00217998
0.000389972,1.7259e-005,2.46558e-005,0.00206245
0.000412984,1.68481e-005,2.46558e-005,0.00207108
0.000397369,1.64372e-005,2.42448e-005,0.002023
0.00038915,1.68481e-005,2.42448e-005,0.00207026
0.000678855,2.95869e-005,3.61618e-005,0.00360138
0.000389561,1.7259e-005,2.17792e-005,0.00204355
0.000430243,1.7259e-005,2.09574e-005,0.00217135
0.000675979,2.95869e-005,3.65727e-005,0.00359152
0.000679266,3.04088e-005,3.69836e-005,0.00349619
0.00038011,1.64372e-005,2.09574e-005,0.00202095
0.000400245,1.80809e-005,2.3012e-005,0.00207273
0.00039819,1.68481e-005,2.09574e-005,0.00202054
0.000419559,1.84918e-005,2.21902e-005,0.00218368
0.000752,3.32853e-005,4.10929e-005,0.00399259
0.000389972,1.68481e-005,2.17792e-005,0.00206492
0.000678444,2.99978e-005,3.69836e-005,0.00359317
0.000678033,2.95869e-005,3.65727e-005,0.0035944
0.000675157,2.99978e-005,3.69836e-005,0.0034892
0.000677211,2.95869e-005,3.61618e-005,0.00359604
0.000679266,2.95869e-005,3.65727e-005,0.00349331
0.000677211,2.95869e-005,3.16415e-005,0.00359317
0.000678033,2.95869e-005,3.12306e-005,0.00359481
0.0006768,2.99978e-005,3.12306e-005,0.00359851
0.00067639,2.95869e-005,3.12306e-005,0.00359358
0.000678855,2.99978e-005,3.12306e-005,0.00359358
0.000665705,3.32853e-005,3.16415e-005,0.00358782
0.000677622,2.95869e-005,3.16415e-005,0.00348591
0.000380931,1.68481e-005,1.84918e-005,0.00205917
0.000679266,2.95869e-005,3.08197e-005,0.0034892
0.000379699,2.54776e-005,1.97246e-005,0.0021845
0.000404765,1.68481e-005,2.83541e-005,0.00205752
0.000677622,2.95869e-005,3.12306e-005,0.00358536
0.000380931,1.64372e-005,1.80809e-005,0.00208711
0.000678855,2.95869e-005,3.16415e-005,0.00359317
0.000678855,2.95869e-005,3.12306e-005,0.00358988
0.000678033,2.95869e-005,3.16415e-005,0.00355002
0.000379288,1.68481e-005,1.56153e-005,0.00205876
0.000678855,2.95869e-005,2.62995e-005,0.00348509
0.000433119,1.89027e-005,1.64372e-005,0.00217669
0.000609408,2.62995e-005,2.21902e-005,0.00356687
0.000680088,2.95869e-005,2.67104e-005,0.00358577
0.000678855,2.95869e-005,2.58885e-005,0.00358741
0.00067639,2.99978e-005,2.62995e-005,0.00358782
0.000677622,2.99978e-005,2.58885e-005,0.00358495
0.000678444,2.95869e-005,2.58885e-005,0.00357673
0.000405176,1.7259e-005,1.56153e-005,0.00209738
0.000388739,1.7259e-005,1.56153e-005,0.00219642
0.00038011,1.64372e-005,1.47935e-005,0.0020567
0.000614339,2.67104e-005,2.26011e-005,0.00355618
0.000439283,1.64372e-005,1.47935e-005,0.00203903
0.000379288,1.64372e-005,1.52044e-005,0.00201725
0.00038052,1.64372e-005,1.47935e-005,0.00204519
0.000377644,1.64372e-005,1.52044e-005,0.00201232
0.00038915,1.68481e-005,1.27388e-005,0.00205054
0.000379288,1.64372e-005,1.19169e-005,0.0020115
0.000752411,3.28743e-005,2.3012e-005,0.00378712
0.000677622,2.95869e-005,2.01355e-005,0.00358536
0.00041134,1.767e-005,1.43825e-005,0.00206081
0.000379288,1.68481e-005,1.19169e-005,0.00205054
0.000678444,2.95869e-005,2.09574e-005,0.00357755
0.000678855,2.95869e-005,2.09574e-005,0.0035755
0.000379288,1.64372e-005,1.23279e-005,0.00201314
0.000378466,1.68481e-005,1.23279e-005,0.00201273
0.00067639,2.99978e-005,2.09574e-005,0.00358125
0.00067639,2.95869e-005,2.05465e-005,0.00361905
0.000680088,2.95869e-005,2.05465e-005,0.00358577
0.000679266,2.99978e-005,2.05465e-005,0.00347687
0.0006768,2.95869e-005,2.13683e-005,0.00357714
0.000678855,3.04088e-005,1.47935e-005,0.00358002
0.000678855,2.95869e-005,1.43825e-005,0.00357755
0.00071214,3.04088e-005,1.47935e-005,0.00358577
0.000679266,2.95869e-005,1.43825e-005,0.00358125
0.000670637,3.32853e-005,1.47935e-005,0.00358207
0.000675157,2.99978e-005,1.47935e-005,0.00348468
0.000675979,2.99978e-005,1.43825e-005,0.00357796
0.000675979,2.95869e-005,1.43825e-005,0.00347317
0.000678033,2.95869e-005,1.47935e-005,0.00358125
0.0006768,2.95869e-005,1.47935e-005,0.0035718
0.000678855,2.99978e-005,1.43825e-005,0.00358289
0.000678033,2.95869e-005,1.43825e-005,0.00358084
0.000678855,2.99978e-005,1.47935e-005,0.00358412
0.000675979,2.95869e-005,1.47935e-005,0.0035718
0.000679677,2.95869e-005,1.47935e-005,0.00350276
0.000680499,2.99978e-005,1.47935e-005,0.00357467
0.000679677,2.95869e-005,1.43825e-005,0.00346701
0.000679266,2.95869e-005,1.43825e-005,0.00357508
0.000581054,3.16415e-005,1.43825e-005,0.00356892
0.000674746,2.95869e-005,1.43825e-005,0.00358043
0.000678855,2.95869e-005,1.43825e-005,0.00357919
0.000678855,2.95869e-005,1.47935e-005,0.00357015
0.000679266,2.9176e-005,1.43825e-005,0.0035755
0.000677622,2.99978e-005,1.43825e-005,0.00357426
0.000674746,2.95869e-005,1.47935e-005,0.00357385
0.000679677,2.95869e-005,1.47935e-005,0.00347153
0.000382575,1.7259e-005,8.21859e-006,0.0019926
0.000620503,2.58885e-005,1.27388e-005,0.00354262
0.000693238,3.24634e-005,1.43825e-005,0.00357755
0.000679677,2.95869e-005,1.43825e-005,0.00357139
0.000677211,2.95869e-005,1.47935e-005,0.00356769
0.000679266,2.95869e-005,1.43825e-005,0.0035718
0.00068091,2.9176e-005,1.43825e-005,0.00357262
0.00067639,2.95869e-005,1.43825e-005,0.00357344
0.00068995,3.08197e-005,1.43825e-005,0.00349125
0.0006768,2.95869e-005,1.52044e-005,0.00356769
0.00065461,2.50667e-005,1.23279e-005,0.00351016
0.000677622,2.95869e-005,1.47935e-005,0.00357426
0.000678855,3.04088e-005,1.47935e-005,0.00357056
0.000435585,2.62995e-005,9.04044e-006,0.00211341
0.000678444,3.04088e-005,1.43825e-005,0.00357015
0.000657898,2.50667e-005,1.23279e-005,0.00350317
0.000678033,2.99978e-005,1.43825e-005,0.00357015
0.000678444,2.95869e-005,1.47935e-005,0.00356563
0.000679677,2.95869e-005,1.43825e-005,0.00357015
0.000378877,1.64372e-005,8.21859e-006,0.00199095
0.000752822,3.28743e-005,1.60262e-005,0.0039667
0.000678444,2.95869e-005,1.43825e-005,0.00357221
0.000678444,2.99978e-005,1.43825e-005,0.00346948
0.00067639,2.99978e-005,1.47935e-005,0.00357426
0.000677211,2.95869e-005,1.47935e-005,0.00347482
0.000680499,2.99978e-005,1.47935e-005,0.00356892
0.000679266,2.95869e-005,1.47935e-005,0.00356276
0.0006768,2.99978e-005,1.47935e-005,0.00356974
0.000677622,2.99978e-005,1.43825e-005,0.00356522
0.000674746,2.99978e-005,1.43825e-005,0.0035644
0.000668993,3.32853e-005,1.47935e-005,0.00357632
0.000678033,2.95869e-005,1.43825e-005,0.00346537
0.00067639,2.99978e-005,1.47935e-005,0.00357426
0.0006768,2.9176e-005,1.39716e-005,0.00346578
0.000677211,2.95869e-005,1.43825e-005,0.00357015
0.000682143,3.04088e-005,1.43825e-005,0.00357467
0.000677622,2.99978e-005,1.47935e-005,0.0035681
0.0006768,2.99978e-005,1.43825e-005,0.00356687
0.000677622,2.95869e-005,1.43825e-005,0.00356769
0.000378466,1.68481e-005,8.21859e-006,0.00198684
0.000752822,3.32853e-005,1.64372e-005,0.00378507
0.000379288,1.68481e-005,8.62951e-006,0.00198766
0.000678033,2.95869e-005,1.43825e-005,0.00345509
0.000677211,2.95869e-005,1.43825e-005,0.00356645
0.000568726,2.83541e-005,1.19169e-005,0.0035755
0.000678033,2.95869e-005,1.43825e-005,0.0035718
0.000413395,1.80809e-005,9.04044e-006,0.00216436
0.000679677,2.95869e-005,1.43825e-005,0.00357385
0.000678444,2.99978e-005,1.47935e-005,0.00357632
0.000677211,2.95869e-005,1.47935e-005,0.00358248
0.0006768,2.9176e-005,1.47935e-005,0.00356645
0.000677211,2.95869e-005,1.43825e-005,0.003474
0.000679677,2.95869e-005,1.47935e-005,0.00356769
0.000620092,2.58885e-005,1.23279e-005,0.00352742
0.000675568,2.99978e-005,1.43825e-005,0.00357344
0.000679266,2.99978e-005,1.43825e-005,0.00357139
0.000675979,2.9176e-005,1.43825e-005,0.00357098
0.000678444,2.99978e-005,1.43825e-005,0.00356481
0.000677622,2.99978e-005,1.43825e-005,0.00356892
0.000677622,2.95869e-005,1.43825e-005,0.00357015
0.000678033,2.9176e-005,1.43825e-005,0.00344975
0.0006768,2.99978e-005,1.47935e-005,0.00356892
0.000666116,2.50667e-005,1.19169e-005,0.00349331
0.000679266,2.95869e-005,1.43825e-005,0.00356645
0.00067639,2.99978e-005,1.43825e-005,0.00356687
0.0006768,2.95869e-005,1.43825e-005,0.00355741
0.000677622,2.95869e-005,1.43825e-005,0.00357262
0.000678855,2.95869e-005,1.43825e-005,0.00357344
0.000679677,2.95869e-005,1.43825e-005,0.00357056
0.000677622,2.9176e-005,1.43825e-005,0.00346742
0.000679266,2.99978e-005,1.43825e-005,0.00355947
0.000680088,2.95869e-005,1.52044e-005,0.00346331
0.000679266,2.99978e-005,1.47935e-005,0.00357015
0.000677622,2.95869e-005,1.47935e-005,0.00356317
0.000679266,2.95869e-005,1.43825e-005,0.0035718
0.000675979,2.95869e-005,1.43825e-005,0.00356481
0.000678033,2.95869e-005,1.47935e-005,0.00357303
0.000668993,3.32853e-005,1.43825e-005,0.00356645
0.000394081,1.7259e-005,9.04044e-006,0.00204437
0.000678444,2.99978e-005,1.47935e-005,0.00356276
0.000677622,2.99978e-005,1.47935e-005,0.00356399
0.000677211,2.95869e-005,1.47935e-005,0.00356029
0.000679266,2.99978e-005,1.43825e-005,0.0035607
0.000679677,2.99978e-005,1.52044e-005,0.00346619
0.000677622,2.95869e-005,1.43825e-005,0.00356399
0.00067639,2.99978e-005,1.39716e-005,0.00346865
0.000677622,2.99978e-005,1.43825e-005,0.00356892
0.000678444,2.99978e-005,1.47935e-005,0.00356604
0.000678444,2.95869e-005,1.47935e-005,0.0035718
0.000679677,2.99978e-005,1.43825e-005,0.0035718
0.00067639,2.9176e-005,1.47935e-005,0.00356276
0.00067639,2.95869e-005,1.43825e-005,0.00356193
0.000677622,2.95869e-005,1.47935e-005,0.00348961
0.000678855,2.95869e-005,1.47935e-005,0.00356892
0.000396958,1.68481e-005,8.62951e-006,0.00208136
0.00038011,1.64372e-005,8.62951e-006,0.00200903
0.000595436,3.16415e-005,1.47935e-005,0.00356481
0.000678033,2.95869e-005,1.47935e-005,0.00357221
0.00038052,1.68481e-005,8.21859e-006,0.0020041
0.000752822,3.28743e-005,1.56153e-005,0.00395191
0.000663651,3.32853e-005,1.43825e-005,0.0035718
0.000411751,1.80809e-005,9.45137e-006,0.0021656
0.000397369,1.64372e-005,8.62951e-006,0.00199999
0.000680088,2.99978e-005,1.43825e-005,0.00345139
0.00038011,1.64372e-005,8.62951e-006,0.00200246
0.000429421,1.93137e-005,9.45137e-006,0.00217299
0.000679677,2.95869e-005,1.43825e-005,0.00356645
0.000413395,1.80809e-005,9.04044e-006,0.0020004
0.000677622,2.95869e-005,1.43825e-005,0.0035681
0.000680088,2.95869e-005,1.47935e-005,0.00357015
0.000679677,2.9176e-005,1.43825e-005,0.0035644
0.00067639,2.99978e-005,1.43825e-005,0.00356029
0.000377644,1.64372e-005,8.21859e-006,0.00212779
0.000379288,1.68481e-005,8.21859e-006,0.00200616
0.000414217,1.80809e-005,9.45137e-006,0.00216354
0.000395314,1.64372e-005,8.21859e-006,0.00200492
0.000388739,1.7259e-005,9.04044e-006,0.00204684
0.000678444,2.99978e-005,1.47935e-005,0.0035644
0.000678033,2.95869e-005,1.43825e-005,0.00356276
0.000678855,2.95869e-005,1.52044e-005,0.00357056
0.000390794,1.68481e-005,8.62951e-006,0.00204314
0.000680088,2.95869e-005,1.47935e-005,0.00345386
0.000379288,1.68481e-005,8.62951e-006,0.00199958
0.000415449,1.80809e-005,8.62951e-006,0.00217916
0.000379699,1.64372e-005,8.62951e-006,0.00204848
0.000396136,1.7259e-005,8.21859e-006,0.00204232
0.000678444,2.95869e-005,1.47935e-005,0.00357139
0.000414628,1.84918e-005,9.04044e-006,0.00206615
0.000692416,2.95869e-005,1.43825e-005,0.00365563
0.000413395,1.80809e-005,9.45137e-006,0.00216806
0.000678855,2.95869e-005,1.47935e-005,0.0034555
0.000378466,1.64372e-005,8.21859e-006,0.00203944
0.000678444,2.99978e-005,1.43825e-005,0.00345756
0.000395314,1.64372e-005,8.21859e-006,0.00203081
0.000680088,2.99978e-005,1.47935e-005,0.00357262
0.000678444,2.95869e-005,1.43825e-005,0.00356111
0.000678855,2.95869e-005,1.43825e-005,0.00357755
0.000427366,1.80809e-005,9.04044e-006,0.00216519
0.000378055,1.68481e-005,8.62951e-006,0.00210067
0.00067639,2.99978e-005,1.43825e-005,0.00347687
0.000412984,1.84918e-005,9.04044e-006,0.00215532
0.000379288,1.68481e-005,8.62951e-006,0.00208958
0.000413395,1.84918e-005,9.04044e-006,0.00213354
0.000655843,3.08197e-005,1.43825e-005,0.00356317
0.000678855,2.95869e-005,1.43825e-005,0.00356152
0.000378466,1.68481e-005,8.21859e-006,0.00205876
0.0006768,2.99978e-005,1.43825e-005,0.00355618
0.000379288,1.68481e-005,8.62951e-006,0.00206081
0.000754466,3.28743e-005,1.64372e-005,0.00380315
0.000440516,1.7259e-005,9.04044e-006,0.00203944
0.000675157,2.99978e-005,1.43825e-005,0.00346208
0.000408875,1.80809e-005,9.04044e-006,0.0021619
0.000412162,1.68481e-005,8.21859e-006,0.00214669
0.000415039,1.80809e-005,9.04044e-006,0.00216067
0.000379288,1.68481e-005,8.21859e-006,0.00204478
0.000413395,1.80809e-005,9.04044e-006,0.00205793
0.000378877,1.68481e-005,8.62951e-006,0.00200164
0.000679677,2.9176e-005,1.43825e-005,0.00356111
0.000379288,1.64372e-005,8.62951e-006,0.00207889
0.00067639,2.99978e-005,1.47935e-005,0.00345633
0.00040682,1.80809e-005,9.45137e-006,0.00211135
0.000405998,1.68481e-005,8.62951e-006,0.00205177
0.000378877,1.68481e-005,8.21859e-006,0.00199671
0.000416682,1.80809e-005,9.45137e-006,0.00216313
0.000677211,2.95869e-005,1.43825e-005,0.00358043
0.000387917,1.767e-005,8.62951e-006,0.00202383
0.000680088,2.99978e-005,1.43825e-005,0.00355783
0.000377644,1.64372e-005,8.62951e-006,0.00200492
0.000411751,1.80809e-005,9.45137e-006,0.00218286
0.000473801,1.767e-005,9.04044e-006,0.00210314
0.000679266,2.99978e-005,2.79432e-005,0.00344934
0.00039819,1.64372e-005,8.21859e-006,0.00206122
0.000396136,1.7259e-005,8.62951e-006,0.00204273
0.000754877,3.28743e-005,1.60262e-005,0.00395067
0.000379699,1.68481e-005,8.62951e-006,0.00199876
0.000414217,1.80809e-005,8.62951e-006,0.00216395
0.00067639,2.95869e-005,1.47935e-005,0.00355618
0.000678855,2.95869e-005,1.47935e-005,0.00345715
0.000395725,1.64372e-005,8.62951e-006,0.0020041
0.000413395,1.767e-005,9.04044e-006,0.00217464
0.000378877,1.68481e-005,8.62951e-006,0.00200739
0.000412162,1.767e-005,9.04044e-006,0.00213272
0.000677211,2.95869e-005,1.47935e-005,0.00355577
0.000388739,1.68481e-005,9.04044e-006,0.0020152
0.000754466,3.28743e-005,1.56153e-005,0.0039593
0.000677211,2.9176e-005,1.47935e-005,0.00355577
0.000403943,1.60262e-005,8.62951e-006,0.00207232
0.000677211,2.95869e-005,1.43825e-005,0.00355084
0.000460241,1.89027e-005,9.04044e-006,0.00220422
0.000379288,1.68481e-005,8.21859e-006,0.00204191
0.000414217,1.80809e-005,9.45137e-006,0.00216519
0.00038052,1.68481e-005,8.21859e-006,0.00200246
0.000413395,1.80809e-005,9.04044e-006,0.00217258
0.000391616,1.7259e-005,9.45137e-006,0.00211218
0.000381753,1.68481e-005,9.04044e-006,0.00200123
0.000680088,2.95869e-005,1.47935e-005,0.0035044
0.00041997,1.80809e-005,9.04044e-006,0.00217546
0.000414628,1.68481e-005,8.21859e-006,0.00220792
0.000379288,1.64372e-005,8.62951e-006,0.002053
0.000446269,2.05465e-005,9.45137e-006,0.00220792
0.000447913,1.97246e-005,9.45137e-006,0.00225107
0.000449968,1.89027e-005,9.04044e-006,0.00218368
0.000419559,1.68481e-005,8.21859e-006,0.00206081
0.000398601,1.7259e-005,8.62951e-006,0.00204067
0.000390794,1.767e-005,8.62951e-006,0.00203698
0.000412984,1.80809e-005,9.04044e-006,0.00215615
0.00038915,1.7259e-005,8.62951e-006,0.0021656
0.000410518,1.80809e-005,9.04044e-006,0.00203246
0.000431476,1.93137e-005,9.45137e-006,0.00216683
0.00041134,1.7259e-005,8.62951e-006,0.00212656
0.000378055,1.68481e-005,8.21859e-006,0.00209985
0.000678855,2.95869e-005,1.47935e-005,0.00355906
0.00038011,1.64372e-005,8.21859e-006,0.00210149
0.000678855,2.99978e-005,1.47935e-005,0.00355618
0.000416682,1.84918e-005,9.04044e-006,0.0021582
0.000680088,2.99978e-005,1.47935e-005,0.00345591
0.000389561,1.7259e-005,8.62951e-006,0.0020378
0.000410929,1.7259e-005,1.19169e-005,0.00205465
0.000388328,1.7259e-005,1.27388e-005,0.00203657
0.000388328,1.68481e-005,1.27388e-005,0.00203657
0.000414217,1.89027e-005,1.27388e-005,0.00216149
0.000678855,2.95869e-005,2.09574e-005,0.003557
0.000440927,2.13683e-005,1.35607e-005,0.00216478
0.000439694,4.6435e-005,1.43825e-005,0.00261926
0.000417504,1.80809e-005,1.31497e-005,0.00225806
0.000422846,1.7259e-005,1.23279e-005,0.00208916
0.000415039,1.80809e-005,1.31497e-005,0.00217217
0.00041134,1.80809e-005,1.31497e-005,0.00216395
0.000675979,2.95869e-005,2.05465e-005,0.00386232
0.000675568,2.99978e-005,2.09574e-005,0.00356111
0.000378055,1.64372e-005,1.23279e-005,0.00199958
0.000417093,1.84918e-005,1.31497e-005,0.00215902
0.000376822,1.64372e-005,1.23279e-005,0.00214135
0.000470925,2.01355e-005,1.31497e-005,0.00216272
0.000432298,2.21902e-005,1.68481e-005,0.00212615
0.000672691,2.95869e-005,2.58885e-005,0.00345139
0.000443804,1.84918e-005,1.68481e-005,0.0021545
0.000394492,1.767e-005,1.56153e-005,0.00208464
0.000438461,1.68481e-005,1.47935e-005,0.00216149
0.000422024,2.17792e-005,1.60262e-005,0.00213231
0.000673102,2.99978e-005,2.62995e-005,0.00345879
0.000387917,1.68481e-005,1.56153e-005,0.00202218
0.000429421,1.93137e-005,1.68481e-005,0.00222888
0.000376,1.64372e-005,1.52044e-005,0.00204191
0.000396958,1.68481e-005,1.56153e-005,0.00205218
0.000679677,3.04088e-005,2.67104e-005,0.00355659
0.000430243,2.3423e-005,1.68481e-005,0.00215902
0.000671869,2.95869e-005,2.67104e-005,0.00350194
0.000386684,1.7259e-005,1.60262e-005,0.00203492
0.000394081,1.64372e-005,1.56153e-005,0.00210478
0.000375589,1.68481e-005,1.52044e-005,0.00199054
0.000417915,2.21902e-005,2.05465e-005,0.00216067
0.000668171,2.95869e-005,3.16415e-005,0.0035607
0.000407231,1.80809e-005,1.97246e-005,0.00217299
0.000410929,1.89027e-005,1.97246e-005,0.00218368
0.000467227,2.05465e-005,1.97246e-005,0.00217546
0.000669404,2.99978e-005,3.20525e-005,0.00353933
0.000668582,2.99978e-005,3.16415e-005,0.00354632
0.000391616,1.68481e-005,1.84918e-005,0.00206944
0.000406409,1.64372e-005,1.84918e-005,0.00212985
0.000612285,2.58885e-005,2.71213e-005,0.00352988
0.000394492,1.68481e-005,1.84918e-005,0.002053
0.000373946,1.64372e-005,1.80809e-005,0.00199835
0.000669815,2.99978e-005,3.16415e-005,0.00355906
0.000669404,2.9176e-005,3.16415e-005,0.00355495
0.000675568,2.99978e-005,3.16415e-005,0.0035607
0.000668171,2.95869e-005,3.16415e-005,0.0035607
0.000681732,2.99978e-005,3.65727e-005,0.00346537
0.000666116,2.95869e-005,3.73946e-005,0.00355207
0.000637762,2.54776e-005,3.12306e-005,0.00350317
0.00039367,1.80809e-005,2.3012e-005,0.00216272
0.000382164,1.68481e-005,2.21902e-005,0.00203739
0.000666938,2.95869e-005,3.73946e-005,0.00355084
0.00037148,1.64372e-005,2.17792e-005,0.00200123
0.000383808,1.7259e-005,2.17792e-005,0.00203615
0.00066324,2.99978e-005,3.78055e-005,0.00355248
0.000665294,2.95869e-005,3.69836e-005,0.00343948
0.000371891,1.64372e-005,2.13683e-005,0.0020378
0.000403122,1.7259e-005,2.17792e-005,0.00206533
0.000667349,2.99978e-005,3.78055e-005,0.00356235
0.000388739,1.64372e-005,2.13683e-005,0.00203574
0.000666116,2.95869e-005,3.69836e-005,0.00355207
0.000371891,1.64372e-005,2.13683e-005,0.00204191
0.000739262,3.28743e-005,4.0682e-005,0.00395067
0.000398601,1.68481e-005,2.38339e-005,0.00199999
0.000387917,1.7259e-005,2.46558e-005,0.00203657
0.000673513,3.32853e-005,4.23257e-005,0.00355207
0.000390383,1.68481e-005,2.50667e-005,0.00213396
0.000679677,2.99978e-005,4.23257e-005,0.00355207
0.000392027,1.7259e-005,2.54776e-005,0.00204067
0.0006768,2.95869e-005,4.27366e-005,0.00355289
0.000389972,1.7259e-005,2.50667e-005,0.0020415
0.0006768,2.99978e-005,0.00118717,0.00445201
0.000666116,2.9176e-005,4.02711e-005,0.0045083
0.000371891,1.68481e-005,2.26011e-005,0.00261967
0.000428188,3.24634e-005,3.20525e-005,0.00256173
0.00037148,1.68481e-005,2.26011e-005,0.00263036
0.00038915,1.64372e-005,2.3012e-005,0.00257118
0.000389561,1.80809e-005,2.42448e-005,0.00258187
0.000668582,2.9176e-005,3.94492e-005,0.00451324
0.000401889,1.68481e-005,2.3423e-005,0.00257529
0.000666116,2.95869e-005,3.94492e-005,0.00451036
0.000666938,2.95869e-005,3.86273e-005,0.00451611
0.000432708,1.68481e-005,2.21902e-005,0.00259707
0.000372302,1.64372e-005,2.3012e-005,0.00263077
0.000382164,1.68481e-005,2.17792e-005,0.00270597
0.000733098,4.52022e-005,4.39694e-005,0.002978
0.00040682,1.80809e-005,2.3012e-005,0.00269734
0.000405176,1.767e-005,2.3423e-005,0.00273514
0.000673513,2.99978e-005,3.73946e-005,0.00450789
0.000391616,1.68481e-005,2.13683e-005,0.00258721
0.000666527,2.95869e-005,3.73946e-005,0.0044594
0.000372302,1.64372e-005,2.13683e-005,0.00262419
0.000371891,1.68481e-005,2.13683e-005,0.00261146
0.000371069,1.64372e-005,2.13683e-005,0.00276021
0.000665705,4.15039e-005,3.16415e-005,0.00441667
0.000666938,2.95869e-005,3.78055e-005,0.00450748
0.000382575,1.7259e-005,2.17792e-005,0.0025794
0.000664473,2.99978e-005,3.73946e-005,0.00453748
0.000390383,1.68481e-005,2.09574e-005,0.00257036
0.000406409,1.80809e-005,2.3423e-005,0.00264145
0.00037148,1.68481e-005,2.13683e-005,0.00261392
0.000663651,2.99978e-005,3.73946e-005,0.00452474
0.000390383,1.68481e-005,2.21902e-005,0.00258803
0.000383397,1.68481e-005,3.16415e-005,0.00261104
0.000403533,1.7259e-005,2.17792e-005,0.00261926
0.000413806,1.64372e-005,2.13683e-005,0.00257488
0.000668171,2.99978e-005,3.78055e-005,0.00450748
0.000372302,1.64372e-005,2.13683e-005,0.00254447
0.00040682,1.80809e-005,2.3012e-005,0.00274994
0.000444625,1.89027e-005,2.3423e-005,0.0027298
0.000666938,2.95869e-005,3.69836e-005,0.00439776
0.000664473,2.95869e-005,3.78055e-005,0.00450255
0.000404765,1.80809e-005,2.3423e-005,0.00270926
0.00037148,1.68481e-005,2.17792e-005,0.00260159
0.000404354,1.80809e-005,2.3012e-005,0.00274008
0.000666527,2.95869e-005,3.73946e-005,0.00456994
0.000405587,1.80809e-005,2.3423e-005,0.00271994
0.000380931,1.68481e-005,2.13683e-005,0.00264474
0.000664884,2.95869e-005,3.73946e-005,0.00449351
0.000383808,1.767e-005,2.21902e-005,0.00257529
0.000664473,2.9176e-005,3.69836e-005,0.00449433
0.000372302,1.68481e-005,2.17792e-005,0.00256338
0.000667349,2.95869e-005,3.78055e-005,0.00449474
0.00043353,1.64372e-005,2.13683e-005,0.0025716
0.000665705,2.95869e-005,3.20525e-005,0.00439489
0.000372302,1.68481e-005,1.84918e-005,0.00255803
0.000665294,2.99978e-005,3.20525e-005,0.00439283
0.000665705,2.95869e-005,3.20525e-005,0.00449885
0.000385041,1.767e-005,1.93137e-005,0.00257817
0.000663651,2.95869e-005,3.24634e-005,0.00448694
0.000382575,1.64372e-005,1.84918e-005,0.00252228
0.000407231,1.80809e-005,2.01355e-005,0.00262584
0.000372302,1.64372e-005,1.84918e-005,0.00256379
0.000407231,1.767e-005,2.01355e-005,0.00260981
0.000415449,3.16415e-005,2.79432e-005,0.00271747
0.000405998,1.767e-005,2.05465e-005,0.00267022
0.000372302,1.7259e-005,1.93137e-005,0.00261392
0.000382986,1.64372e-005,1.84918e-005,0.00258639
0.000411751,2.62995e-005,1.89027e-005,0.00252352
0.000381753,1.7259e-005,1.89027e-005,0.00256297
0.000667349,2.9176e-005,3.20525e-005,0.0044894
0.000372713,1.68481e-005,1.56153e-005,0.00257077
0.000666527,2.95869e-005,2.67104e-005,0.00441297
0.000371891,1.64372e-005,1.60262e-005,0.00253502
0.000405176,1.80809e-005,1.68481e-005,0.00278692
0.000405587,1.80809e-005,1.64372e-005,0.00263858
0.000406409,1.767e-005,3.16415e-005,0.00270309
0.000666527,2.99978e-005,2.71213e-005,0.00449146
0.000405176,1.80809e-005,1.68481e-005,0.00265625
0.000666116,2.99978e-005,2.71213e-005,0.00447009
0.000399423,1.80809e-005,1.68481e-005,0.00272652
0.000372713,1.64372e-005,1.56153e-005,0.00255393
0.000382986,1.68481e-005,1.60262e-005,0.00256954
0.000666527,2.95869e-005,2.75323e-005,0.00437886
0.000391205,1.68481e-005,1.60262e-005,0.00251489
0.0004023,1.7259e-005,1.64372e-005,0.00260447
0.000382986,1.68481e-005,1.31497e-005,0.00251242
0.00038463,1.767e-005,1.27388e-005,0.00256255
0.000668582,3.04088e-005,2.17792e-005,0.00447625
0.000371891,1.68481e-005,1.27388e-005,0.00256338
0.00066776,2.99978e-005,2.21902e-005,0.00447872
0.000664884,2.9176e-005,2.13683e-005,0.00447296
0.000668582,2.99978e-005,2.21902e-005,0.00438667
0.000412162,1.7259e-005,1.27388e-005,0.00251407
0.000664473,2.99978e-005,2.17792e-005,0.00438009
0.00037148,1.68481e-005,1.27388e-005,0.00252968
0.000666527,2.9176e-005,2.13683e-005,0.00448488
0.000664062,2.95869e-005,2.17792e-005,0.00448653
0.000382575,1.68481e-005,1.31497e-005,0.00256461
0.000668582,2.95869e-005,2.17792e-005,0.00448611
0.000380931,1.68481e-005,1.31497e-005,0.00257118
0.000666527,2.95869e-005,2.13683e-005,0.00437927
0.00038463,1.7259e-005,1.31497e-005,0.00257406
0.000373124,1.68481e-005,1.27388e-005,0.00266241
0.000373946,1.68481e-005,8.62951e-006,0.00251365
0.00062338,2.99978e-005,1.56153e-005,0.00448365
0.000664884,2.95869e-005,1.56153e-005,0.00447584
0.000664062,2.95869e-005,1.56153e-005,0.00447132
0.000669815,2.99978e-005,1.56153e-005,0.00449474
0.000382164,1.68481e-005,9.04044e-006,0.00257529
0.000391205,1.68481e-005,9.04044e-006,0.00250996
0.000408053,1.7259e-005,9.45137e-006,0.00268337
0.000383808,1.64372e-005,9.45137e-006,0.00253379
0.000761863,3.32853e-005,1.68481e-005,0.00477376
0.000684608,2.99978e-005,1.56153e-005,0.0044779
0.000684197,2.95869e-005,1.52044e-005,0.0043764
0.000688306,3.04088e-005,1.60262e-005,0.00448036
0.00068543,2.99978e-005,1.52044e-005,0.00446968
0.000683786,2.99978e-005,1.56153e-005,0.00447009
0.000681732,2.99978e-005,1.52044e-005,0.00447707
0.000684608,2.9176e-005,1.56153e-005,0.00447091
0.000684608,2.95869e-005,1.52044e-005,0.00447872
0.000685019,2.99978e-005,1.56153e-005,0.00437147
0.000686663,2.99978e-005,1.56153e-005,0.0044705
0.000685019,2.99978e-005,1.56153e-005,0.00437023
0.000682964,2.99978e-005,1.52044e-005,0.00447872
0.000574479,4.02711e-005,1.56153e-005,0.00447091
0.000685019,2.99978e-005,1.56153e-005,0.00447214
0.000383397,1.7259e-005,9.45137e-006,0.00248612
0.000756521,3.36962e-005,1.7259e-005,0.00496361
0.000684197,2.99978e-005,1.52044e-005,0.00447214
0.000684608,2.99978e-005,1.52044e-005,0.00437804
0.000687485,2.99978e-005,1.56153e-005,0.00447379
0.000684197,2.99978e-005,1.52044e-005,0.00436407
0.00068543,2.99978e-005,1.56153e-005,0.00446721
0.000602422,3.32853e-005,1.60262e-005,0.00447666
0.000715017,3.08197e-005,1.52044e-005,0.00447707
0.000693238,2.99978e-005,1.52044e-005,0.00446803
0.00069447,2.99978e-005,1.52044e-005,0.00446228
0.000693238,2.99978e-005,1.56153e-005,0.00446886
0.00069447,3.04088e-005,1.56153e-005,0.00439448
0.000447913,4.89006e-005,1.60262e-005,0.00289623
0.000388739,1.68481e-005,9.04044e-006,0.00248612
0.000621325,2.62995e-005,1.31497e-005,0.00444543
0.000694059,2.95869e-005,1.52044e-005,0.00447461
0.000694059,2.99978e-005,1.52044e-005,0.00448159
0.000694059,2.99978e-005,1.56153e-005,0.00446228
0.000685019,3.36962e-005,1.52044e-005,0.00447214
0.000694059,2.95869e-005,1.52044e-005,0.00438092
0.000696525,3.04088e-005,1.56153e-005,0.00446927
0.000695292,2.99978e-005,1.52044e-005,0.00442037
0.000708031,2.99978e-005,1.56153e-005,0.00447831
0.000445858,2.21902e-005,1.02732e-005,0.00273597
0.000398601,1.767e-005,9.04044e-006,0.00272775
0.000695703,2.99978e-005,1.56153e-005,0.00446721
0.000693238,2.99978e-005,1.56153e-005,0.0044779
0.000693649,2.99978e-005,1.56153e-005,0.00447091
0.00069447,2.99978e-005,1.52044e-005,0.00442653
0.000694059,2.99978e-005,1.56153e-005,0.00446064
0.00069447,2.99978e-005,1.52044e-005,0.00435544
0.000692416,2.99978e-005,1.56153e-005,0.00446269
0.000705976,2.58885e-005,1.31497e-005,0.00436612
0.000692416,2.99978e-005,1.56153e-005,0.00447009
0.000399012,1.68481e-005,9.45137e-006,0.00255845
0.000770081,3.36962e-005,1.68481e-005,0.00495951
0.000694059,3.04088e-005,1.56153e-005,0.00446064
0.000694059,3.04088e-005,1.56153e-005,0.00446269
0.000398601,1.767e-005,9.04044e-006,0.00255105
0.00069447,3.04088e-005,1.56153e-005,0.0043727
0.000458597,2.58885e-005,9.45137e-006,0.00271583
0.000696525,2.99978e-005,1.56153e-005,0.00437475
0.000695703,2.99978e-005,1.56153e-005,0.00445858
0.00069447,2.99978e-005,1.52044e-005,0.00446475
0.000694059,2.99978e-005,1.56153e-005,0.00447009
0.000695703,3.04088e-005,1.60262e-005,0.00446557
0.00069447,2.99978e-005,1.60262e-005,0.00445858
0.000692416,2.99978e-005,1.47935e-005,0.00446351
0.000696114,2.99978e-005,1.52044e-005,0.00436078
0.000695292,2.99978e-005,1.52044e-005,0.00446968
0.000690772,3.04088e-005,1.52044e-005,0.00436571
0.000693649,2.99978e-005,1.52044e-005,0.00447091
0.000648446,2.99978e-005,1.52044e-005,0.00447584
0.000697347,3.04088e-005,1.56153e-005,0.00446927
0.000692416,3.04088e-005,1.56153e-005,0.00446146
0.000693649,2.99978e-005,1.47935e-005,0.0044705
0.000693238,2.95869e-005,1.56153e-005,0.00445776
0.000692005,2.95869e-005,1.52044e-005,0.00436407
0.000693649,2.99978e-005,1.52044e-005,0.00446434
0.00069447,2.99978e-005,1.60262e-005,0.00435051
0.000693649,3.04088e-005,1.56153e-005,0.00447091
0.000622969,2.67104e-005,1.31497e-005,0.00445201
0.000693649,3.04088e-005,1.52044e-005,0.00445735
0.000401478,1.7259e-005,9.45137e-006,0.00255721
0.000772547,3.32853e-005,1.7259e-005,0.00495005
0.00069447,2.99978e-005,1.60262e-005,0.00446105
0.000695292,2.99978e-005,1.56153e-005,0.00436941
0.000693238,2.99978e-005,1.52044e-005,0.00445653
0.000694881,2.99978e-005,1.56153e-005,0.0043579
0.000694059,2.99978e-005,1.56153e-005,0.00445735
0.000662829,2.54776e-005,1.31497e-005,0.00441461
0.000692827,2.99978e-005,1.52044e-005,0.00445776
0.000467637,1.89027e-005,9.8623e-006,0.00271295
0.000692005,2.99978e-005,1.56153e-005,0.00446516
0.000696936,2.95869e-005,1.52044e-005,0.00445406
0.00069447,2.99978e-005,1.52044e-005,0.0044216
0.000693238,2.99978e-005,1.56153e-005,0.00445776
0.000422846,1.80809e-005,9.45137e-006,0.00270638
0.000694881,2.99978e-005,1.56153e-005,0.00446927
0.000694059,2.99978e-005,1.56153e-005,0.00446187
0.000692416,3.04088e-005,1.52044e-005,0.00442941
0.000388328,1.68481e-005,9.04044e-006,0.00255598
0.000693649,2.99978e-005,1.56153e-005,0.0043538
0.000693238,3.04088e-005,1.56153e-005,0.00446721
0.000703922,2.58885e-005,1.31497e-005,0.00437393
0.000693649,2.99978e-005,1.60262e-005,0.00446557
0.000692416,2.99978e-005,1.56153e-005,0.00445735
0.000693238,2.99978e-005,1.56153e-005,0.00445735
0.000694059,3.04088e-005,1.52044e-005,0.00445982
0.000695703,3.04088e-005,1.52044e-005,0.0044594
0.000693649,2.99978e-005,1.56153e-005,0.00446598
0.000694881,2.99978e-005,1.56153e-005,0.00435256
0.000692416,2.99978e-005,1.56153e-005,0.00446064
0.000756932,2.99978e-005,1.52044e-005,0.00441585
0.000694881,2.99978e-005,1.52044e-005,0.00445242
0.000693649,3.04088e-005,1.56153e-005,0.0044631
0.000695292,2.99978e-005,1.56153e-005,0.00445406
0.000694881,2.99978e-005,1.52044e-005,0.00446023
0.000693649,2.95869e-005,1.52044e-005,0.0044594
0.000693649,2.99978e-005,1.52044e-005,0.00445817
0.000693649,2.99978e-005,1.47935e-005,0.00435955
0.000693649,2.99978e-005,1.56153e-005,0.00447009
0.000691594,2.99978e-005,1.52044e-005,0.00436325
0.000695703,2.99978e-005,1.60262e-005,0.00446064
0.000639406,3.12306e-005,1.56153e-005,0.00445653
0.000692827,2.95869e-005,1.52044e-005,0.00445612
0.000387917,1.68481e-005,9.04044e-006,0.00248119
0.000407642,1.64372e-005,8.62951e-006,0.0024816
0.000428188,1.84918e-005,9.8623e-006,0.00270433
0.000692416,2.99978e-005,1.52044e-005,0.00435297
0.000422024,1.84918e-005,9.45137e-006,0.00270679
0.00076967,3.32853e-005,1.68481e-005,0.0047713
0.00069447,2.99978e-005,1.56153e-005,0.00444954
0.000622147,2.71213e-005,1.31497e-005,0.00445036
0.000695703,3.04088e-005,1.56153e-005,0.00446886
0.000693238,3.04088e-005,1.56153e-005,0.00446351
0.000693238,2.99978e-005,1.56153e-005,0.00446105
0.000754055,3.32853e-005,1.60262e-005,0.00446187
0.00038915,1.68481e-005,9.04044e-006,0.00248201
0.000694881,3.04088e-005,1.56153e-005,0.00445571
0.000693238,2.99978e-005,1.52044e-005,0.00445571
0.000694881,2.99978e-005,1.52044e-005,0.00445653
0.000650912,2.58885e-005,1.31497e-005,0.00441461
0.000693238,2.99978e-005,1.56153e-005,0.00445283
0.000694059,2.99978e-005,1.52044e-005,0.00446598
0.000693649,2.99978e-005,1.60262e-005,0.00445982
0.000693238,3.04088e-005,1.52044e-005,0.00446228
0.000693649,2.99978e-005,1.56153e-005,0.0044253
0.000696525,2.95869e-005,1.56153e-005,0.00446023
0.000691594,2.99978e-005,1.56153e-005,0.00435462
0.000693649,3.04088e-005,1.52044e-005,0.00446886
0.000694881,4.19148e-005,1.31497e-005,0.00435421
0.000693649,3.04088e-005,1.56153e-005,0.00446228
0.000693238,3.04088e-005,1.56153e-005,0.00444995
0.000692416,2.99978e-005,1.56153e-005,0.00445858
0.00069447,2.99978e-005,1.56153e-005,0.00445283
0.000694059,2.99978e-005,1.56153e-005,0.00445365
0.000386684,1.68481e-005,9.04044e-006,0.00248201
0.000692827,2.99978e-005,1.52044e-005,0.0043427
0.000388328,1.68481e-005,9.45137e-006,0.00248119
0.00069447,2.99978e-005,1.52044e-005,0.00436119
0.000695292,2.99978e-005,1.60262e-005,0.00446187
0.00040682,1.7259e-005,9.45137e-006,0.00254899
0.00069447,2.99978e-005,1.52044e-005,0.00434845
0.000696114,3.04088e-005,1.60262e-005,0.0044479
0.000692827,3.04088e-005,1.56153e-005,0.00436407
0.000693238,2.99978e-005,1.56153e-005,0.00445242
0.000691183,2.99978e-005,1.60262e-005,0.00445982
0.000694059,2.99978e-005,1.56153e-005,0.00445242
0.000387095,1.68481e-005,9.45137e-006,0.0024853
0.000772547,3.32853e-005,1.68481e-005,0.00495334
0.000693649,2.99978e-005,1.56153e-005,0.00445612
0.000692416,2.95869e-005,1.56153e-005,0.00436119
0.000695292,3.04088e-005,1.52044e-005,0.00445817
0.000693649,2.99978e-005,1.52044e-005,0.00435585
0.000692827,2.95869e-005,1.56153e-005,0.00446187
0.000652145,2.99978e-005,1.60262e-005,0.00445077
0.00069447,2.99978e-005,1.56153e-005,0.00445077
0.000695292,2.99978e-005,1.52044e-005,0.00445119
0.000695703,3.08197e-005,1.56153e-005,0.00446023
0.00069447,3.08197e-005,1.52044e-005,0.00444995
0.000696525,2.99978e-005,1.52044e-005,0.00434722
0.00069447,2.99978e-005,1.56153e-005,0.00445077
0.000692827,2.99978e-005,1.56153e-005,0.00435174
0.000694059,3.04088e-005,1.52044e-005,0.00445735
0.000655021,3.32853e-005,1.52044e-005,0.00442776
0.00069447,2.99978e-005,1.60262e-005,0.00446228
0.000693238,2.99978e-005,1.56153e-005,0.0044631
0.000694881,2.99978e-005,1.56153e-005,0.00444543
0.000734331,3.61618e-005,1.56153e-005,0.00445201
0.000693649,2.99978e-005,1.56153e-005,0.00435585
0.000694059,3.04088e-005,1.56153e-005,0.00445242
0.000694881,2.99978e-005,1.56153e-005,0.00435503
0.000693649,2.99978e-005,1.60262e-005,0.0044442
0.000399012,1.64372e-005,9.45137e-006,0.00270186
0.000387095,1.68481e-005,9.04044e-006,0.00247955
0.000695703,3.04088e-005,1.56153e-005,0.00433366
0.000388739,1.7259e-005,8.62951e-006,0.00247708
0.000697347,3.04088e-005,1.52044e-005,0.00435297
0.00069447,2.99978e-005,1.52044e-005,0.00445201
0.000695292,3.04088e-005,1.52044e-005,0.00445201
0.000693649,2.99978e-005,1.52044e-005,0.00445077
0.000694059,2.99978e-005,1.56153e-005,0.00445694
0.00069447,2.99978e-005,1.56153e-005,0.00445201
0.000694059,2.99978e-005,1.47935e-005,0.00446351
0.00069447,2.99978e-005,1.60262e-005,0.00434517
0.000692416,2.99978e-005,1.56153e-005,0.00445119
0.000759397,3.04088e-005,1.52044e-005,0.00441133
0.000695703,2.99978e-005,1.52044e-005,0.00446023
0.000692416,3.04088e-005,1.56153e-005,0.00444831
0.000695703,2.99978e-005,1.52044e-005,0.0044594
0.000694881,2.95869e-005,1.56153e-005,0.00445201
0.000694881,3.04088e-005,1.56153e-005,0.00446105
0.000388739,2.50667e-005,9.45137e-006,0.00255023
0.000696525,3.04088e-005,1.56153e-005,0.00435708
0.00069447,2.99978e-005,1.60262e-005,0.00444584
0.000696114,2.99978e-005,1.56153e-005,0.00434352
0.000693238,2.99978e-005,1.56153e-005,0.00445119
0.000586807,2.79432e-005,1.31497e-005,0.00445529
0.000695703,2.99978e-005,1.52044e-005,0.00444379
0.00069447,2.95869e-005,1.56153e-005,0.00445283
0.000399423,1.7259e-005,9.45137e-006,0.00260406
0.00038915,1.68481e-005,9.04044e-006,0.00252146
0.000772958,3.36962e-005,1.68481e-005,0.00475034
0.000693238,3.04088e-005,1.56153e-005,0.0044479
0.000694059,2.95869e-005,1.52044e-005,0.00435051
0.000693238,2.99978e-005,1.56153e-005,0.00445036
0.000648857,2.58885e-005,1.31497e-005,0.00441215
0.000692005,3.04088e-005,1.52044e-005,0.00446064
0.00069447,3.04088e-005,1.52044e-005,0.00445982
0.000692416,3.04088e-005,1.56153e-005,0.00446598
0.000696936,2.99978e-005,1.56153e-005,0.00445571
0.000693649,2.99978e-005,1.56153e-005,0.00440516
0.000694059,3.04088e-005,1.56153e-005,0.00445858
0.000692827,2.99978e-005,1.56153e-005,0.00433982
0.000388739,1.68481e-005,9.04044e-006,0.00247831
0.000687896,2.54776e-005,1.35607e-005,0.00438379
0.000694881,2.99978e-005,1.60262e-005,0.00445488
0.000693649,2.95869e-005,1.52044e-005,0.00444543
0.000696525,2.99978e-005,1.52044e-005,0.00444995
0.000693649,3.04088e-005,1.56153e-005,0.00445406
0.000694059,2.99978e-005,1.60262e-005,0.00445817
0.000696114,3.04088e-005,1.56153e-005,0.00444954
0.00069447,2.99978e-005,1.56153e-005,0.00445283
0.00069447,2.99978e-005,1.56153e-005,0.00444215
0.00069447,2.99978e-005,1.52044e-005,0.00434763
0.00069447,2.99978e-005,1.60262e-005,0.00445324
0.000694059,2.99978e-005,1.56153e-005,0.00445899
0.000695292,2.99978e-005,1.56153e-005,0.00444461
0.000696525,2.99978e-005,1.60262e-005,0.00446351
0.000695292,3.04088e-005,1.52044e-005,0.00445776
0.000696114,3.04088e-005,1.56153e-005,0.00445612
0.000696525,2.99978e-005,1.56153e-005,0.00435626
0.000694881,2.99978e-005,1.52044e-005,0.00445571
0.000388739,1.64372e-005,9.45137e-006,0.00271337
0.000695292,2.99978e-005,1.52044e-005,0.00444584
0.000667349,3.04088e-005,1.56153e-005,0.00445571
0.000693238,2.99978e-005,1.56153e-005,0.00445694
0.00069447,3.04088e-005,1.56153e-005,0.00444502
0.000690772,3.12306e-005,1.56153e-005,0.00445365
0.000696525,2.99978e-005,1.60262e-005,0.00444872
0.000692416,2.99978e-005,1.60262e-005,0.00435626
0.000692416,2.95869e-005,1.56153e-005,0.00445365
0.000693649,2.99978e-005,1.52044e-005,0.00435832
0.000693649,2.99978e-005,1.52044e-005,0.00445571
0.000622969,3.04088e-005,1.52044e-005,0.0044594
0.000694059,3.04088e-005,1.56153e-005,0.0044594
0.000692005,3.04088e-005,1.56153e-005,0.00445036
0.000694881,2.95869e-005,1.60262e-005,0.00444667
0.000693649,2.99978e-005,1.56153e-005,0.00444584
0.00069447,2.99978e-005,1.56153e-005,0.00434969
0.000693649,2.99978e-005,1.52044e-005,0.00444502
0.000693649,2.99978e-005,1.52044e-005,0.0043538
0.000692827,2.99978e-005,1.52044e-005,0.00445324
0.000624201,2.67104e-005,1.35607e-005,0.00442365
0.00069447,2.99978e-005,1.56153e-005,0.00445406
0.000692005,2.99978e-005,1.56153e-005,0.00445324
0.000696114,2.99978e-005,1.52044e-005,0.00444995
0.000693238,3.41071e-005,1.60262e-005,0.0044631
0.000694059,2.99978e-005,1.52044e-005,0.00437475
0.000693238,3.04088e-005,1.56153e-005,0.00445077
0.000692827,3.04088e-005,1.56153e-005,0.00434722
0.000697347,3.04088e-005,1.52044e-005,0.00444215
0.000649679,2.58885e-005,1.35607e-005,0.00440146
0.000692827,2.99978e-005,1.52044e-005,0.00446187
0.000692827,2.99978e-005,1.56153e-005,0.00444584
0.000695703,3.04088e-005,1.52044e-005,0.0044516
0.000694881,2.99978e-005,1.52044e-005,0.00443845
0.000690361,2.99978e-005,1.56153e-005,0.00446968
0.000696525,3.04088e-005,1.56153e-005,0.00444297
0.000692005,3.04088e-005,1.60262e-005,0.00434393
0.000692827,2.99978e-005,1.52044e-005,0.00445077
0.00069447,2.99978e-005,1.56153e-005,0.00434558
0.000693649,2.95869e-005,1.56153e-005,0.00444995
0.000693649,2.99978e-005,1.52044e-005,0.00459994
0.000695292,2.95869e-005,1.56153e-005,0.00445447
0.000694881,2.99978e-005,1.52044e-005,0.00445119
0.000695703,3.04088e-005,1.52044e-005,0.00444338
0.000694881,3.04088e-005,1.56153e-005,0.00444215
0.000695292,3.04088e-005,1.56153e-005,0.0043464
0.000692827,2.99978e-005,1.56153e-005,0.00445653
0.000757753,3.04088e-005,1.52044e-005,0.00440311
0.000693238,3.04088e-005,1.56153e-005,0.00444708
0.000692005,2.99978e-005,1.52044e-005,0.00444667
0.000692005,2.99978e-005,1.56153e-005,0.00444749
0.000692416,2.99978e-005,1.56153e-005,0.00445653
0.000692416,2.99978e-005,1.52044e-005,0.00444913
0.000694881,2.95869e-005,1.52044e-005,0.00445365
0.000693238,2.95869e-005,1.52044e-005,0.00435297
0.000693238,3.04088e-005,1.56153e-005,0.00444749
0.00069447,2.99978e-005,1.52044e-005,0.00434434
0.000694881,2.95869e-005,1.56153e-005,0.00444502
0.000615572,3.12306e-005,1.52044e-005,0.00445036
0.000695292,3.04088e-005,1.56153e-005,0.00445776
0.000692416,2.99978e-005,1.56153e-005,0.00444338
0.000693649,2.99978e-005,1.52044e-005,0.00445982
0.000693238,2.95869e-005,1.56153e-005,0.00445036
0.000692416,3.04088e-005,1.56153e-005,0.00435092
0.000694059,2.99978e-005,1.52044e-005,0.00445694
0.000694881,2.99978e-005,1.56153e-005,0.00434804
0.000691594,2.99978e-005,1.52044e-005,0.00445201
0.000622969,2.62995e-005,1.35607e-005,0.00443105
0.000692827,3.04088e-005,1.52044e-005,0.0044594
0.000386684,1.64372e-005,9.04044e-006,0.00266159
0.000693238,2.99978e-005,1.56153e-005,0.00433982
0.000694059,3.04088e-005,1.60262e-005,0.00444625
0.000624201,2.67104e-005,1.31497e-005,0.00442612
0.000692827,3.04088e-005,1.60262e-005,0.0044479
0.000695703,2.99978e-005,1.52044e-005,0.00444667
0.000693238,3.04088e-005,1.60262e-005,0.0044479
0.000682553,3.41071e-005,1.56153e-005,0.00445242
0.000693649,3.04088e-005,1.56153e-005,0.00436489
0.000694881,2.99978e-005,1.56153e-005,0.00445735
0.000692827,2.99978e-005,1.60262e-005,0.00434517
0.000693649,2.99978e-005,1.56153e-005,0.00445982
0.000629544,2.62995e-005,1.27388e-005,0.00448529
0.000692416,3.04088e-005,1.56153e-005,0.00445365
0.000693649,2.99978e-005,1.56153e-005,0.0044516
0.000694059,2.99978e-005,1.56153e-005,0.0044594
0.000693649,3.04088e-005,1.52044e-005,0.00445776
0.00069447,2.99978e-005,1.52044e-005,0.00442694
0.000692005,2.99978e-005,1.52044e-005,0.0044479
0.000694059,2.99978e-005,1.56153e-005,0.00432832
0.000692827,3.04088e-005,1.56153e-005,0.00444831
0.000694059,3.16415e-005,2.75323e-005,0.00434845
0.000694881,3.04088e-005,1.56153e-005,0.00446269
0.000692416,3.04088e-005,1.56153e-005,0.00444749
0.00069447,2.99978e-005,1.56153e-005,0.00443762
0.000692416,2.99978e-005,1.56153e-005,0.00445036
0.000691594,2.99978e-005,1.52044e-005,0.00444995
0.000742138,3.12306e-005,1.52044e-005,0.00444584
0.00069447,2.99978e-005,1.56153e-005,0.00434229
0.000692005,3.04088e-005,1.56153e-005,0.00444543
0.000388739,1.7259e-005,9.04044e-006,0.00259789
0.000695703,2.99978e-005,1.56153e-005,0.00445406
0.000696525,3.04088e-005,1.52044e-005,0.00445612
0.000695703,2.99978e-005,1.56153e-005,0.00444913
0.000694881,2.99978e-005,1.52044e-005,0.00444831
0.000694881,2.99978e-005,1.56153e-005,0.00444667
0.000692005,2.99978e-005,1.56153e-005,0.00444749
0.00039778,1.7259e-005,9.45137e-006,0.00257981
0.000399423,1.7259e-005,9.45137e-006,0.00250585
0.000695292,2.99978e-005,1.52044e-005,0.00435873
0.000429832,1.7259e-005,9.04044e-006,0.00254735
0.00038915,1.767e-005,9.04044e-006,0.00269981
0.000695703,2.99978e-005,1.52044e-005,0.00444461
0.000390383,1.68481e-005,9.04044e-006,0.00269693
0.000693649,2.99978e-005,1.52044e-005,0.00444173
0.000816516,3.41071e-005,1.60262e-005,0.00446968
0.00069447,2.99978e-005,1.56153e-005,0.00435133
0.000423257,1.80809e-005,9.8623e-006,0.00248982
0.000692827,2.99978e-005,1.56153e-005,0.00434928
0.000693238,2.99978e-005,1.52044e-005,0.00444461
0.00042901,1.767e-005,9.04044e-006,0.00259748
0.000408875,1.7259e-005,9.04044e-006,0.00254612
0.000388739,1.68481e-005,9.04044e-006,0.0025531
0.000692416,2.95869e-005,1.52044e-005,0.00445488
0.000462706,1.7259e-005,9.04044e-006,0.00269981
0.000692005,2.99978e-005,1.56153e-005,0.00436982
0.000692416,2.99978e-005,1.56153e-005,0.00444215
0.000692416,2.99978e-005,1.52044e-005,0.00434352
0.000692416,2.95869e-005,1.56153e-005,0.00444625
0.000683375,2.71213e-005,1.80809e-005,0.00439242
0.000430654,1.84918e-005,1.39716e-005,0.00260694
0.000410929,1.7259e-005,1.27388e-005,0.00251078
0.000703922,2.99978e-005,2.21902e-005,0.00444625
0.000394903,1.68481e-005,1.27388e-005,0.00259666
0.000704333,2.95869e-005,2.13683e-005,0.00442776
0.000408875,1.767e-005,1.35607e-005,0.00267679
0.000552289,1.7259e-005,1.27388e-005,0.00275528
0.000394903,1.64372e-005,1.27388e-005,0.00249352
0.000429832,1.80809e-005,1.39716e-005,0.00270104
0.0007031,2.95869e-005,2.21902e-005,0.0043916
0.000705155,2.99978e-005,2.17792e-005,0.00443886
0.000705976,2.99978e-005,2.21902e-005,0.00434845
0.000413806,1.68481e-005,1.27388e-005,0.00249105
0.000426955,1.767e-005,1.35607e-005,0.00260817
0.000705976,2.99978e-005,2.13683e-005,0.0044442
0.000405587,1.7259e-005,1.31497e-005,0.00258762
0.000395314,1.68481e-005,1.52044e-005,0.00255269
0.000406409,1.767e-005,1.60262e-005,0.00254653
0.000703511,2.99978e-005,2.75323e-005,0.00444749
0.000705566,2.99978e-005,2.71213e-005,0.00444625
0.000408053,1.7259e-005,1.64372e-005,0.00261187
0.000426134,1.68481e-005,1.56153e-005,0.00270474
0.00067639,2.54776e-005,2.3423e-005,0.00439078
0.000707209,2.99978e-005,2.79432e-005,0.00446762
0.000394492,1.64372e-005,1.60262e-005,0.00248407
0.000405998,1.68481e-005,1.64372e-005,0.00254242
0.00040682,1.64372e-005,1.56153e-005,0.0025416
0.000706387,2.99978e-005,2.75323e-005,0.00444954
0.000410107,1.7259e-005,1.64372e-005,0.00255064
0.000704744,2.99978e-005,2.75323e-005,0.00435421
0.000412573,1.7259e-005,1.60262e-005,0.00267145
0.000431476,0.000115471,1.56153e-005,0.0026468
0.000426545,1.767e-005,1.89027e-005,0.00255393
0.000715839,2.99978e-005,3.28743e-005,0.00445406
0.000735152,3.04088e-005,3.28743e-005,0.00462213
0.000403122,1.68481e-005,1.89027e-005,0.00256132
0.000416682,1.7259e-005,1.93137e-005,0.00248407
0.0004023,1.68481e-005,1.93137e-005,0.00253995
0.000718304,2.95869e-005,3.28743e-005,0.00446886
0.000401889,1.7259e-005,1.89027e-005,0.00257406
0.000416682,5.91738e-005,2.05465e-005,0.00258557
0.000399012,1.68481e-005,1.93137e-005,0.00271172
0.000437229,1.7259e-005,1.93137e-005,0.00255023
0.000438461,1.80809e-005,2.05465e-005,0.00265748
0.00041134,1.7259e-005,1.93137e-005,0.00254735
0.00071625,2.99978e-005,3.28743e-005,0.00443927
0.000715839,2.99978e-005,0.00117608,0.0053918
0.000396958,1.68481e-005,1.7259e-005,0.00308115
0.000401478,1.68481e-005,2.01355e-005,0.00306594
0.000723646,3.04088e-005,3.53399e-005,0.00529564
0.000418326,1.7259e-005,2.13683e-005,0.00312101
0.0004023,1.68481e-005,2.09574e-005,0.00309471
0.000722414,2.99978e-005,3.4929e-005,0.00558946
0.000783642,3.28743e-005,3.4929e-005,0.00542468
0.000472158,1.80809e-005,2.21902e-005,0.0035118
0.000403122,1.64372e-005,2.05465e-005,0.00302238
0.000577767,2.38339e-005,2.83541e-005,0.00433407
0.000441749,1.68481e-005,2.09574e-005,0.00308978
0.000719537,2.9176e-005,3.45181e-005,0.00529729
0.00072077,2.95869e-005,3.28743e-005,0.00539961
0.000451611,1.7259e-005,1.93137e-005,0.00310704
0.00072077,2.95869e-005,3.32853e-005,0.00539632
0.000412573,1.7259e-005,1.93137e-005,0.00306676
0.000719126,2.99978e-005,3.36962e-005,0.00537824
0.000418326,1.7259e-005,1.97246e-005,0.00313251
0.000413806,1.7259e-005,2.01355e-005,0.00312512
0.000421613,1.64372e-005,1.93137e-005,0.00306307
0.000425723,1.7259e-005,2.01355e-005,0.00334003
0.000719537,2.99978e-005,3.32853e-005,0.00544276
0.000416271,1.767e-005,2.01355e-005,0.00310375
0.000413806,1.68481e-005,1.97246e-005,0.00318552
0.000421202,1.767e-005,2.01355e-005,0.00309142
0.000403533,1.68481e-005,1.93137e-005,0.00301745
0.000438872,1.80809e-005,2.09574e-005,0.00325661
0.000400656,1.7259e-005,1.93137e-005,0.0031321
0.000724879,3.32853e-005,3.36962e-005,0.00540208
0.000414217,1.7259e-005,2.01355e-005,0.00331332
0.000720359,2.99978e-005,3.32853e-005,0.00539961
0.000440516,1.84918e-005,2.09574e-005,0.00276062
0.000720359,2.95869e-005,3.32853e-005,0.0045231
0.00043764,1.80809e-005,2.09574e-005,0.00275569
0.000404354,1.68481e-005,1.93137e-005,0.00253584
0.000413395,1.7259e-005,2.01355e-005,0.00254488
0.000719126,2.99978e-005,3.32853e-005,0.00442612
0.000421202,1.64372e-005,1.93137e-005,0.00253009
0.000721181,2.95869e-005,3.24634e-005,0.00442571
0.000415449,1.68481e-005,1.93137e-005,0.00260077
0.000430654,1.68481e-005,1.89027e-005,0.00264515
0.000401889,3.12306e-005,1.97246e-005,0.00252763
